event_date,code,symbol,name,symbol_name,label,entry_date,exit_date,entry_price,exit_price,pnl_pct,holding_bars
2026-04-21,003006,003006,百亚股份,百亚股份,百亚股份 孤岛反转,2026-04-22,2026-04-29,18.64,18.35,-1.56,5
2026-04-21,600941,600941,中国移动,中国移动,中国移动 孤岛反转,2026-04-22,2026-04-29,93.99,94.43,0.47,5
2026-04-21,300533,300533,冰川网络,冰川网络,冰川网络 孤岛反转,2026-04-22,2026-04-29,20.71,19.09,-7.82,5
2026-04-22,920003,920003,中诚咨询,中诚咨询,中诚咨询 孤岛反转,2026-04-23,2026-04-30,21.33,21.17,-0.75,5
2026-04-22,600638,600638,新黄浦,新黄浦,新黄浦 孤岛反转,2026-04-23,2026-04-30,6.3,6.21,-1.43,5
2026-04-22,300496,300496,中科创达,中科创达,中科创达 孤岛反转,2026-04-23,2026-04-30,64.32,63.73,-0.92,5
2026-04-23,600559,600559,老白干酒,老白干酒,老白干酒 孤岛反转,2026-04-24,2026-05-06,13.72,13.27,-3.28,5
2026-04-23,688581,688581,安杰思,安杰思,安杰思 孤岛反转,2026-04-24,2026-05-06,56.5,59.24,4.85,5
2026-04-23,300607,300607,拓斯达,拓斯达,拓斯达 孤岛反转,2026-04-24,2026-05-06,28.74,29.52,2.71,5
2026-04-23,301330,301330,熵基科技,熵基科技,熵基科技 孤岛反转,2026-04-24,2026-05-06,35.52,30.76,-13.4,5
2026-04-23,300482,300482,万孚生物,万孚生物,万孚生物 孤岛反转,2026-04-24,2026-05-06,18.09,18.13,0.22,5
2026-04-23,000066,000066,中国长城,中国长城,中国长城 孤岛反转,2026-04-24,2026-05-06,17.36,21.8,25.58,5
2026-04-23,000799,000799,酒鬼酒,酒鬼酒,酒鬼酒 孤岛反转,2026-04-24,2026-05-06,43.04,42.51,-1.23,5
2026-04-23,301302,301302,华如科技,华如科技,华如科技 孤岛反转,2026-04-24,2026-05-06,25.06,26.15,4.35,5
2026-04-23,601127,601127,赛力斯,赛力斯,赛力斯 孤岛反转,2026-04-24,2026-05-06,91.58,87.21,-4.77,5
2026-04-23,300034,300034,钢研高纳,钢研高纳,钢研高纳 孤岛反转,2026-04-24,2026-05-06,19.97,20.07,0.5,5
2026-04-23,600809,600809,山西汾酒,山西汾酒,山西汾酒 孤岛反转,2026-04-24,2026-05-06,134.25,134.12,-0.1,5
2026-04-23,600446,600446,金证股份,金证股份,金证股份 孤岛反转,2026-04-24,2026-05-06,13.46,13.83,2.75,5
2026-04-23,688047,688047,龙芯中科,龙芯中科,龙芯中科 孤岛反转,2026-04-24,2026-05-06,162.0,180.91,11.67,5
2026-04-23,603369,603369,今世缘,今世缘,今世缘 孤岛反转,2026-04-24,2026-05-06,25.11,26.45,5.34,5
2026-04-23,600893,600893,航发动力,航发动力,航发动力 孤岛反转,2026-04-24,2026-05-06,50.29,46.76,-7.02,5
2026-04-24,688269,688269,凯立新材,凯立新材,凯立新材 孤岛反转,2026-04-27,2026-05-07,41.31,41.89,1.4,5
2026-04-24,002490,002490,山东墨龙,山东墨龙,山东墨龙 孤岛反转,2026-04-27,2026-05-07,10.03,9.72,-3.09,5
2026-04-27,300957,300957,贝泰妮,贝泰妮,贝泰妮 孤岛反转,2026-04-28,2026-05-08,43.0,41.72,-2.98,5
2026-04-27,603817,603817,海峡环保,海峡环保,海峡环保 孤岛反转,2026-04-28,2026-05-08,7.22,7.38,2.22,5
2026-04-27,688110,688110,东芯股份,东芯股份,东芯股份 孤岛反转,2026-04-28,2026-05-08,132.52,154.83,16.84,5
2026-04-27,300860,300860,锋尚文化,锋尚文化,锋尚文化 孤岛反转,2026-04-28,2026-05-08,24.69,25.57,3.56,5
2026-04-27,600761,600761,安徽合力,安徽合力,安徽合力 孤岛反转,2026-04-28,2026-05-08,17.22,18.73,8.77,5
2026-04-27,603486,603486,科沃斯,科沃斯,科沃斯 孤岛反转,2026-04-28,2026-05-08,68.35,66.09,-3.31,5
2026-04-28,002191,002191,劲嘉股份,劲嘉股份,劲嘉股份 孤岛反转,2026-04-29,2026-05-11,3.71,3.96,6.74,5
2026-04-28,301275,301275,汉朔科技,汉朔科技,汉朔科技 孤岛反转,2026-04-29,2026-05-11,43.51,46.09,5.93,5
2026-04-28,601878,601878,浙商证券,浙商证券,浙商证券 孤岛反转,2026-04-29,2026-05-11,9.59,9.83,2.5,5
2026-04-28,600332,600332,白云山,白云山,白云山 孤岛反转,2026-04-29,2026-05-11,22.38,22.41,0.13,5
2026-04-28,688472,688472,阿特斯,阿特斯,阿特斯 孤岛反转,2026-04-29,2026-05-11,13.75,14.92,8.51,5
2026-04-28,300622,300622,博士眼镜,博士眼镜,博士眼镜 孤岛反转,2026-04-29,2026-05-11,17.44,18.24,4.59,5
2026-04-28,002923,002923,润都股份,润都股份,润都股份 孤岛反转,2026-04-29,2026-05-11,13.52,13.08,-3.25,5
2026-04-29,002818,002818,富森美,富森美,富森美 孤岛反转,2026-04-30,2026-05-12,12.08,11.32,-6.29,5
2026-04-29,603508,603508,思维列控,思维列控,思维列控 孤岛反转,2026-04-30,2026-05-12,25.64,25.88,0.94,5
2026-04-29,300307,300307,慈星股份,慈星股份,慈星股份 孤岛反转,2026-04-30,2026-05-12,6.89,7.22,4.79,5
2026-04-29,300168,300168,万达信息,万达信息,万达信息 孤岛反转,2026-04-30,2026-05-12,5.59,5.84,4.47,5
2026-04-29,300381,300381,溢多利,溢多利,溢多利 孤岛反转,2026-04-30,2026-05-12,6.98,7.37,5.59,5
2026-04-29,601368,601368,绿城水务,绿城水务,绿城水务 孤岛反转,2026-04-30,2026-05-12,4.94,4.96,0.4,5
2026-04-29,301210,301210,金杨精密,金杨精密,金杨精密 孤岛反转,2026-04-30,2026-05-12,27.16,30.02,10.53,5
2026-04-29,300459,300459,汤姆猫,汤姆猫,汤姆猫 孤岛反转,2026-04-30,2026-05-12,4.15,4.26,2.65,5
2026-04-29,002568,002568,百润股份,百润股份,百润股份 孤岛反转,2026-04-30,2026-05-12,18.68,17.63,-5.62,5
2026-04-29,603369,603369,今世缘,今世缘,今世缘 孤岛反转,2026-04-30,2026-05-12,26.56,27.63,4.03,5
2026-04-29,603100,603100,川仪股份,川仪股份,川仪股份 孤岛反转,2026-04-30,2026-05-12,19.2,20.14,4.9,5
2026-04-29,300210,300210,森远股份,森远股份,森远股份 孤岛反转,2026-04-30,2026-05-12,9.79,10.04,2.55,5
2026-04-29,600111,600111,北方稀土,北方稀土,北方稀土 孤岛反转,2026-04-30,2026-05-12,51.74,54.29,4.93,5
2026-04-29,002847,002847,盐津铺子,盐津铺子,盐津铺子 孤岛反转,2026-04-30,2026-05-12,59.69,54.99,-7.87,5
2026-04-29,000983,000983,山西焦煤,山西焦煤,山西焦煤 孤岛反转,2026-04-30,2026-05-12,6.9,6.74,-2.32,5
2026-04-29,300428,300428,立中集团,立中集团,立中集团 孤岛反转,2026-04-30,2026-05-12,20.45,21.73,6.26,5
2026-04-29,000818,000818,航锦科技,航锦科技,航锦科技 孤岛反转,2026-04-30,2026-05-12,16.0,17.46,9.13,5
2026-04-30,603195,603195,公牛集团,公牛集团,公牛集团 孤岛反转,2026-05-06,2026-05-13,42.81,41.14,-3.9,5
2026-04-30,601066,601066,中信建投,中信建投,中信建投 孤岛反转,2026-05-06,2026-05-13,23.15,22.86,-1.25,5
2026-04-30,600020,600020,中原高速,中原高速,中原高速 孤岛反转,2026-05-06,2026-05-13,3.87,3.82,-1.29,5
2026-04-30,600688,600688,上海石化,上海石化,上海石化 孤岛反转,2026-05-06,2026-05-13,3.13,3.05,-2.56,5
2026-04-30,600714,600714,金瑞矿业,金瑞矿业,金瑞矿业 孤岛反转,2026-05-06,2026-05-13,22.1,25.47,15.25,5
2026-04-30,600288,600288,大恒科技,大恒科技,大恒科技 孤岛反转,2026-05-06,2026-05-13,15.48,15.18,-1.94,5
2026-04-30,688339,688339,亿华通,亿华通,亿华通 孤岛反转,2026-05-06,2026-05-13,25.35,27.47,8.36,5
2026-04-30,300094,300094,国联水产,国联水产,国联水产 孤岛反转,2026-05-06,2026-05-13,3.19,3.15,-1.25,5
2026-04-30,920080,920080,奥美森,奥美森,奥美森 孤岛反转,2026-05-06,2026-05-13,24.04,25.08,4.33,5
2026-04-30,002277,002277,友阿股份,友阿股份,友阿股份 孤岛反转,2026-05-06,2026-05-13,6.15,6.13,-0.33,5
2026-04-30,601377,601377,兴业证券,兴业证券,兴业证券 孤岛反转,2026-05-06,2026-05-13,5.98,6.01,0.5,5
2026-04-30,601827,601827,三峰环境,三峰环境,三峰环境 孤岛反转,2026-05-06,2026-05-13,7.96,7.92,-0.5,5
2026-04-30,300999,300999,金龙鱼,金龙鱼,金龙鱼 孤岛反转,2026-05-06,2026-05-13,28.51,28.13,-1.33,5
2026-04-30,600085,600085,同仁堂,同仁堂,同仁堂 孤岛反转,2026-05-06,2026-05-13,27.25,27.17,-0.29,5
2026-04-30,600155,600155,华创云信,华创云信,华创云信 孤岛反转,2026-05-06,2026-05-13,6.27,6.34,1.12,5
2026-04-30,000880,000880,潍柴重机,潍柴重机,潍柴重机 孤岛反转,2026-05-06,2026-05-13,30.9,32.03,3.66,5
2026-04-30,002202,002202,金风科技,金风科技,金风科技 孤岛反转,2026-05-06,2026-05-13,27.73,27.53,-0.72,5
2026-05-06,002453,002453,华软科技,华软科技,华软科技 孤岛反转,2026-05-07,2026-05-14,6.23,6.38,2.41,5
2026-05-06,300170,300170,汉得信息,汉得信息,汉得信息 孤岛反转,2026-05-07,2026-05-14,22.48,21.85,-2.8,5
2026-05-06,002698,002698,博实股份,博实股份,博实股份 孤岛反转,2026-05-07,2026-05-14,13.68,13.84,1.17,5
2026-05-06,300456,300456,赛微电子,赛微电子,赛微电子 孤岛反转,2026-05-07,2026-05-14,51.95,52.35,0.77,5
2026-05-06,688027,688027,国盾量子,国盾量子,国盾量子 孤岛反转,2026-05-07,2026-05-14,596.77,585.01,-1.97,5
2026-05-06,300520,300520,科大国创,科大国创,科大国创 孤岛反转,2026-05-07,2026-05-14,37.03,36.8,-0.62,5
2026-05-08,601868,601868,中国能建,中国能建,中国能建 孤岛反转,2026-05-11,2026-05-18,3.23,3.15,-2.48,5
2026-05-08,920180,920180,爱得科技,爱得科技,爱得科技 孤岛反转,2026-05-11,2026-05-18,15.79,15.35,-2.79,5
2026-05-11,300546,300546,雄帝科技,雄帝科技,雄帝科技 孤岛反转,2026-05-12,2026-05-19,22.75,20.88,-8.22,5
2026-05-11,601609,601609,金田股份,金田股份,金田股份 孤岛反转,2026-05-12,2026-05-19,11.89,13.4,12.7,5
2026-05-11,603881,603881,数据港,数据港,数据港 孤岛反转,2026-05-12,2026-05-19,34.96,35.57,1.74,5
2026-05-11,601965,601965,中国汽研,中国汽研,中国汽研 孤岛反转,2026-05-12,2026-05-19,16.2,16.22,0.12,5
2026-05-12,001207,001207,联科科技,联科科技,联科科技 孤岛反转,2026-05-13,2026-05-20,20.14,20.93,3.92,5
2026-05-13,920670,920670,数字人,数字人,数字人 孤岛反转,2026-05-14,2026-05-21,16.72,15.03,-10.11,5
2026-05-14,920429,920429,康比特,康比特,康比特 孤岛反转,2026-05-15,2026-05-22,13.01,11.49,-11.68,5
2026-05-14,920469,920469,富恒新材,富恒新材,富恒新材 孤岛反转,2026-05-15,2026-05-22,8.5,7.13,-16.12,5
2026-05-18,600339,600339,中油工程,中油工程,中油工程 孤岛反转,2026-05-19,2026-05-26,4.19,3.6,-14.08,5
2026-05-18,301008,301008,宏昌科技,宏昌科技,宏昌科技 孤岛反转,2026-05-19,2026-05-26,31.86,28.01,-12.08,5
2026-05-18,920088,920088,科力股份,科力股份,科力股份 孤岛反转,2026-05-19,2026-05-26,43.97,35.89,-18.38,5
2026-05-18,603363,603363,傲农生物,傲农生物,傲农生物 孤岛反转,2026-05-19,2026-05-26,3.56,3.33,-6.46,5
2026-05-19,600850,600850,电科数字,电科数字,电科数字 孤岛反转,2026-05-20,2026-05-27,19.03,18.83,-1.05,5
2026-05-20,002246,002246,北化股份,北化股份,北化股份 孤岛反转,2026-05-21,2026-05-28,24.64,21.6,-12.34,5
2026-05-21,000050,000050,深天马Ａ,深天马Ａ,深天马Ａ 孤岛反转,2026-05-22,2026-05-29,7.68,7.62,-0.78,5
2026-05-21,000728,000728,国元证券,国元证券,国元证券 孤岛反转,2026-05-22,2026-05-29,7.23,7.04,-2.63,5
2026-05-21,300940,300940,南极光,南极光,南极光 孤岛反转,2026-05-22,2026-05-29,20.51,17.69,-13.75,5
2026-05-22,002703,002703,浙江世宝,浙江世宝,浙江世宝 孤岛反转,2026-05-25,2026-06-01,21.01,18.85,-10.28,5
2026-05-22,603232,603232,格尔软件,格尔软件,格尔软件 孤岛反转,2026-05-25,2026-06-01,20.0,22.89,14.45,5
2026-05-25,000510,000510,新金路,新金路,新金路 孤岛反转,2026-05-26,2026-06-02,16.55,19.58,18.31,5
2026-05-25,605259,605259,绿田机械,绿田机械,绿田机械 孤岛反转,2026-05-26,2026-06-02,19.27,19.32,0.26,5
2026-05-25,688330,688330,宏力达,宏力达,宏力达 孤岛反转,2026-05-26,2026-06-02,40.5,37.3,-7.9,5
2026-05-25,000630,000630,铜陵有色,铜陵有色,铜陵有色 孤岛反转,2026-05-26,2026-06-02,6.65,7.03,5.71,5
2026-05-25,601717,601717,中创智领,中创智领,中创智领 孤岛反转,2026-05-26,2026-06-02,18.25,16.98,-6.96,5
2026-05-26,603103,603103,横店影视,横店影视,横店影视 孤岛反转,2026-05-27,2026-06-03,21.4,21.85,2.1,5
2026-05-26,301050,301050,雷电微力,雷电微力,雷电微力 孤岛反转,2026-05-27,2026-06-03,40.27,36.0,-10.6,5
2026-05-27,002771,002771,真视通,真视通,真视通 孤岛反转,2026-05-28,2026-06-04,16.87,16.26,-3.62,5
2026-05-29,002535,002535,林州重机,林州重机,林州重机 孤岛反转,2026-06-01,2026-06-08,2.61,2.52,-3.45,5
2026-05-29,920943,920943,优机股份,优机股份,优机股份 孤岛反转,2026-06-01,2026-06-08,14.69,15.64,6.47,5
2026-05-29,000401,000401,金隅冀东,金隅冀东,金隅冀东 孤岛反转,2026-06-01,2026-06-08,3.97,3.85,-3.02,5
2026-05-29,603529,603529,爱玛科技,爱玛科技,爱玛科技 孤岛反转,2026-06-01,2026-06-08,21.56,21.21,-1.62,5
2026-06-01,301035,301035,润丰股份,润丰股份,润丰股份 孤岛反转,2026-06-02,2026-06-09,54.58,49.79,-8.78,5
2026-06-02,002637,002637,赞宇科技,赞宇科技,赞宇科技 孤岛反转,2026-06-03,2026-06-10,12.58,11.34,-9.86,5
2026-06-02,600797,600797,浙大网新,浙大网新,浙大网新 孤岛反转,2026-06-03,2026-06-10,7.84,7.62,-2.81,5
2026-06-02,000737,000737,北方铜业,北方铜业,北方铜业 孤岛反转,2026-06-03,2026-06-10,14.94,12.52,-16.2,5
2026-06-03,001280,001280,中国铀业,中国铀业,中国铀业 孤岛反转,2026-06-04,2026-06-11,71.52,69.76,-2.46,5
2026-06-03,920580,920580,科创新材,科创新材,科创新材 孤岛反转,2026-06-04,2026-06-11,12.97,12.29,-5.24,5
2026-06-03,688597,688597,煜邦电力,煜邦电力,煜邦电力 孤岛反转,2026-06-04,2026-06-11,9.22,8.15,-11.61,5
2026-06-04,300516,300516,久之洋,久之洋,久之洋 孤岛反转,2026-06-05,2026-06-12,41.8,36.17,-13.47,5
2026-06-04,002965,002965,祥鑫科技,祥鑫科技,祥鑫科技 孤岛反转,2026-06-05,2026-06-12,36.47,39.58,8.53,5
2026-06-09,001696,001696,宗申动力,宗申动力,宗申动力 孤岛反转,2026-06-10,2026-06-17,17.84,24.22,35.76,5
2026-06-10,920271,920271,邦德股份,邦德股份,邦德股份 孤岛反转,2026-06-11,2026-06-18,12.93,10.98,-15.08,5
2026-06-10,001696,001696,宗申动力,宗申动力,宗申动力 孤岛反转,2026-06-11,2026-06-18,18.82,24.31,29.17,5
2026-06-10,300674,300674,宇信科技,宇信科技,宇信科技 孤岛反转,2026-06-11,2026-06-18,16.35,16.01,-2.08,5
2026-06-10,603002,603002,宏昌电子,宏昌电子,宏昌电子 孤岛反转,2026-06-11,2026-06-18,18.33,23.58,28.64,5
2026-06-10,688041,688041,海光信息,海光信息,海光信息 孤岛反转,2026-06-11,2026-06-18,282.25,327.85,16.16,5
2026-06-11,000422,000422,湖北宜化,湖北宜化,湖北宜化 孤岛反转,2026-06-12,2026-06-22,13.27,14.18,6.86,5
2026-06-11,002490,002490,山东墨龙,山东墨龙,山东墨龙 孤岛反转,2026-06-12,2026-06-22,8.03,7.11,-11.46,5
2026-06-12,301656,301656,联合动力,联合动力,联合动力 孤岛反转,2026-06-15,2026-06-23,19.02,18.35,-3.52,5
2026-06-12,600711,600711,盛屯矿业,盛屯矿业,盛屯矿业 孤岛反转,2026-06-15,2026-06-23,13.07,12.09,-7.5,5
2026-06-12,688010,688010,福光股份,福光股份,福光股份 孤岛反转,2026-06-15,2026-06-23,45.6,44.67,-2.04,5
2026-06-12,002597,002597,金禾实业,金禾实业,金禾实业 孤岛反转,2026-06-15,2026-06-23,22.29,21.29,-4.49,5
2026-06-12,600029,600029,南方航空,南方航空,南方航空 孤岛反转,2026-06-15,2026-06-23,5.54,5.16,-6.86,5
2026-06-12,000737,000737,北方铜业,北方铜业,北方铜业 孤岛反转,2026-06-15,2026-06-23,13.94,14.05,0.79,5
2026-06-12,000878,000878,云南铜业,云南铜业,云南铜业 孤岛反转,2026-06-15,2026-06-23,17.47,17.68,1.2,5
2026-06-15,002088,002088,鲁阳节能,鲁阳节能,鲁阳节能 孤岛反转,2026-06-16,2026-06-24,8.8,7.82,-11.14,5
2026-06-15,002985,002985,北摩高科,北摩高科,北摩高科 孤岛反转,2026-06-16,2026-06-24,30.97,28.82,-6.94,5
2026-06-15,601021,601021,春秋航空,春秋航空,春秋航空 孤岛反转,2026-06-16,2026-06-24,47.86,45.28,-5.39,5
2026-06-15,300848,300848,美瑞新材,美瑞新材,美瑞新材 孤岛反转,2026-06-16,2026-06-24,15.37,14.9,-3.06,5
2026-06-15,000751,000751,锌业股份,锌业股份,锌业股份 孤岛反转,2026-06-16,2026-06-24,5.3,6.16,16.23,5
2026-06-15,000737,000737,北方铜业,北方铜业,北方铜业 孤岛反转,2026-06-16,2026-06-24,14.64,14.12,-3.55,5
2026-06-16,300014,300014,亿纬锂能,亿纬锂能,亿纬锂能 孤岛反转,2026-06-17,2026-06-25,66.5,66.81,0.47,5
2026-06-16,000733,000733,振华科技,振华科技,振华科技 孤岛反转,2026-06-17,2026-06-25,55.72,60.49,8.56,5
2026-06-17,300099,300099,尤洛卡,尤洛卡,尤洛卡 孤岛反转,2026-06-18,2026-06-26,7.83,6.3,-19.54,5
2026-06-17,300040,300040,九洲集团,九洲集团,九洲集团 孤岛反转,2026-06-18,2026-06-26,6.79,5.7,-16.05,5
2026-06-18,301363,301363,美好医疗,美好医疗,美好医疗 孤岛反转,2026-06-22,2026-06-29,19.68,18.51,-5.95,5
2026-06-22,600769,600769,祥龙电业,祥龙电业,祥龙电业 孤岛反转,2026-06-23,2026-06-30,21.72,20.51,-5.57,5
2026-06-22,688515,688515,裕太微,裕太微,裕太微 孤岛反转,2026-06-23,2026-06-30,260.97,248.76,-4.68,5
2026-06-23,603339,603339,四方科技,四方科技,四方科技 孤岛反转,2026-06-24,2026-07-01,14.22,14.26,0.28,5
2026-06-23,000751,000751,锌业股份,锌业股份,锌业股份 孤岛反转,2026-06-24,2026-07-01,5.74,6.2,8.01,5
2026-06-23,920223,920223,荣亿精密,荣亿精密,荣亿精密 孤岛反转,2026-06-24,2026-07-01,14.59,13.49,-7.54,5
2026-06-23,002312,002312,川发龙蟒,川发龙蟒,川发龙蟒 孤岛反转,2026-06-24,2026-07-01,9.5,9.5,0.0,5
2026-06-23,600379,600379,宝光股份,宝光股份,宝光股份 孤岛反转,2026-06-24,2026-07-01,13.88,15.38,10.81,5
2026-06-23,603232,603232,格尔软件,格尔软件,格尔软件 孤岛反转,2026-06-24,2026-07-01,16.85,15.03,-10.8,5
2026-06-24,002580,002580,圣阳股份,圣阳股份,圣阳股份 孤岛反转,2026-06-25,2026-07-02,25.99,22.18,-14.66,5
2026-06-26,688349,688349,三一重能,三一重能,三一重能 孤岛反转,2026-06-29,2026-07-06,14.03,14.56,3.78,5
2026-06-29,000521,000521,长虹美菱,长虹美菱,长虹美菱 孤岛反转,2026-06-30,2026-07-07,5.36,5.65,5.41,5
2026-06-30,001237,001237,惠康科技,惠康科技,惠康科技 孤岛反转,2026-07-01,2026-07-08,73.56,61.73,-16.08,5
2026-06-30,301680,301680,固德电材,固德电材,固德电材 孤岛反转,2026-07-01,2026-07-08,118.81,103.0,-13.31,5
2026-07-01,000603,000603,盛达资源,盛达资源,盛达资源 孤岛反转,2026-07-02,2026-07-09,26.62,21.91,-17.69,5
2026-07-02,920021,920021,流金科技,流金科技,流金科技 孤岛反转,2026-07-03,2026-07-10,7.45,7.6,2.01,5
2026-07-06,600749,600749,西藏旅游,西藏旅游,西藏旅游 孤岛反转,2026-07-07,2026-07-14,14.7,13.57,-7.69,5
2026-07-07,603538,603538,美诺华,美诺华,美诺华 孤岛反转,2026-07-08,2026-07-15,30.97,39.0,25.93,5
2026-07-08,920010,920010,凯添燃气,凯添燃气,凯添燃气 孤岛反转,2026-07-09,2026-07-16,8.07,8.07,0.0,5
2026-07-08,920088,920088,科力股份,科力股份,科力股份 孤岛反转,2026-07-09,2026-07-16,37.1,41.8,12.67,5
2026-07-08,002490,002490,山东墨龙,山东墨龙,山东墨龙 孤岛反转,2026-07-09,2026-07-16,7.36,7.56,2.72,5
2026-07-09,002490,002490,山东墨龙,山东墨龙,山东墨龙 孤岛反转,2026-07-10,2026-07-17,7.31,7.09,-3.01,5
2026-07-09,920088,920088,科力股份,科力股份,科力股份 孤岛反转,2026-07-10,2026-07-17,36.0,44.51,23.64,5
2026-07-10,002208,002208,合肥城建,合肥城建,合肥城建 孤岛反转,2026-07-13,2026-07-20,18.51,12.33,-33.39,5
2026-07-10,002902,002902,铭普光磁,铭普光磁,铭普光磁 孤岛反转,2026-07-13,2026-07-20,26.63,20.54,-22.87,5
2026-07-13,600821,600821,金开新能,金开新能,金开新能 孤岛反转,2026-07-14,2026-07-21,6.3,6.73,6.83,5
2026-07-13,601139,601139,深圳燃气,深圳燃气,深圳燃气 孤岛反转,2026-07-14,2026-07-21,6.04,6.38,5.63,5
2026-07-13,600085,600085,同仁堂,同仁堂,同仁堂 孤岛反转,2026-07-14,2026-07-21,24.25,25.9,6.8,5
2026-07-14,603393,603393,新天然气,新天然气,新天然气 孤岛反转,2026-07-15,2026-07-22,23.7,25.25,6.54,5
2026-07-14,000968,000968,蓝焰控股,蓝焰控股,蓝焰控股 孤岛反转,2026-07-15,2026-07-22,6.96,6.94,-0.29,5
2026-07-15,002243,002243,力合科创,力合科创,力合科创 孤岛反转,2026-07-16,2026-07-23,6.89,6.75,-2.03,5
2026-07-15,300628,300628,亿联网络,亿联网络,亿联网络 孤岛反转,2026-07-16,2026-07-23,36.6,37.31,1.94,5
2026-07-15,002379,002379,宏桥控股,宏桥控股,宏桥控股 孤岛反转,2026-07-16,2026-07-23,18.19,20.45,12.42,5
2026-07-15,601995,601995,中金公司,中金公司,中金公司 孤岛反转,2026-07-16,2026-07-23,37.36,36.65,-1.9,5
2026-07-16,688166,688166,博瑞医药,博瑞医药,博瑞医药 孤岛反转,2026-07-17,2026-07-24,40.31,34.81,-13.64,5
2026-07-16,000504,000504,南华生物,南华生物,南华生物 孤岛反转,2026-07-17,2026-07-24,9.19,7.39,-19.59,5
2026-07-16,600199,600199,金种子酒,金种子酒,金种子酒 孤岛反转,2026-07-17,2026-07-24,7.19,6.69,-6.95,5
2026-07-16,603949,603949,雪龙集团,雪龙集团,雪龙集团 孤岛反转,2026-07-17,2026-07-24,14.2,12.44,-12.39,5
2026-07-16,688255,688255,凯尔达,凯尔达,凯尔达 孤岛反转,2026-07-17,2026-07-24,27.42,22.14,-19.26,5
2026-07-20,600644,600644,乐山电力,乐山电力,乐山电力 孤岛反转,2026-07-21,2026-07-28,9.85,9.09,-7.72,5
2026-07-20,600744,600744,华银电力,华银电力,华银电力 孤岛反转,2026-07-21,2026-07-28,7.0,7.36,5.14,5
2026-07-20,001258,001258,立新能源,立新能源,立新能源 孤岛反转,2026-07-21,2026-07-28,10.01,12.9,28.87,5
2026-07-21,001258,001258,立新能源,立新能源,立新能源 孤岛反转,2026-07-22,2026-07-29,10.9,11.61,6.51,5
2026-07-22,000426,000426,兴业银锡,兴业银锡,兴业银锡 孤岛反转,2026-07-23,2026-07-30,32.3,31.5,-2.48,5
2026-07-23,300651,300651,金陵体育,金陵体育,金陵体育 孤岛反转,2026-07-24,2026-07-31,17.0,16.85,-0.88,5
2026-07-23,600158,600158,中体产业,中体产业,中体产业 孤岛反转,2026-07-24,2026-07-31,6.89,7.13,3.48,5
2026-07-23,000603,000603,盛达资源,盛达资源,盛达资源 孤岛反转,2026-07-24,2026-07-31,23.99,25.4,5.88,5
2026-07-23,603629,603629,利通电子,利通电子,利通电子 孤岛反转,2026-07-24,2026-07-31,114.0,96.01,-15.78,5
2026-07-24,000595,000595,新能股份,新能股份,新能股份 孤岛反转,2026-07-27,2026-08-03,5.46,5.96,9.16,5
2026-07-24,920222,920222,益坤电气,益坤电气,益坤电气 孤岛反转,2026-07-27,2026-08-03,27.8,28.49,2.48,5
2026-07-24,601678,601678,滨化股份,滨化股份,滨化股份 孤岛反转,2026-07-27,2026-08-03,6.72,6.15,-8.48,5
2026-07-28,300293,300293,蓝英装备,蓝英装备,蓝英装备 孤岛反转,2026-07-29,2026-08-05,15.82,16.21,2.47,5
2026-07-28,920509,920509,同惠电子,同惠电子,同惠电子 孤岛反转,2026-07-29,2026-08-05,19.4,20.37,5.0,5
2026-07-28,600775,600775,南京熊猫,南京熊猫,南京熊猫 孤岛反转,2026-07-29,2026-08-05,9.9,10.07,1.72,5
2026-07-28,002387,002387,维信诺,维信诺,维信诺 孤岛反转,2026-07-29,2026-08-05,6.72,7.12,5.95,5
2026-07-28,300341,300341,麦克奥迪,麦克奥迪,麦克奥迪 孤岛反转,2026-07-29,2026-08-05,12.33,13.59,10.22,5
2026-07-28,002549,002549,凯美特气,凯美特气,凯美特气 孤岛反转,2026-07-29,2026-08-05,13.53,14.01,3.55,5
2026-07-29,600895,600895,张江高科,张江高科,张江高科 孤岛反转,2026-07-30,2026-08-06,30.09,32.7,8.67,5
2026-07-30,301626,301626,苏州天脉,苏州天脉,苏州天脉 孤岛反转,2026-07-31,2026-08-07,228.26,256.84,12.52,5
2026-07-31,600580,600580,卧龙电驱,卧龙电驱,卧龙电驱 孤岛反转,2026-08-03,2026-08-10,32.48,35.45,9.14,5
2026-07-31,688158,688158,优刻得,优刻得,优刻得 孤岛反转,2026-08-03,2026-08-10,31.55,34.03,7.86,5
2026-07-31,688777,688777,中控技术,中控技术,中控技术 孤岛反转,2026-08-03,2026-08-10,92.0,103.0,11.96,5
2026-08-03,301120,301120,新特电气,新特电气,新特电气 孤岛反转,2026-08-04,2026-08-11,15.25,15.49,1.57,5
2026-08-03,600580,600580,卧龙电驱,卧龙电驱,卧龙电驱 孤岛反转,2026-08-04,2026-08-11,34.0,36.65,7.79,5
2026-08-03,601118,601118,海南橡胶,海南橡胶,海南橡胶 孤岛反转,2026-08-04,2026-08-11,5.2,5.37,3.27,5
2026-08-04,002361,002361,神剑股份,神剑股份,神剑股份 孤岛反转,2026-08-05,2026-08-12,11.25,12.11,7.64,5
2026-08-04,300052,300052,中青宝,中青宝,中青宝 孤岛反转,2026-08-05,2026-08-12,11.74,11.26,-4.09,5
2026-08-04,002693,002693,双成药业,双成药业,双成药业 孤岛反转,2026-08-05,2026-08-12,9.69,10.02,3.41,5
2026-08-04,605123,605123,派克新材,派克新材,派克新材 孤岛反转,2026-08-05,2026-08-12,81.72,78.68,-3.72,5
2026-08-05,301026,301026,浩通科技,浩通科技,浩通科技 孤岛反转,2026-08-06,2026-08-13,21.7,21.55,-0.69,5
2026-08-05,920505,920505,九菱科技,九菱科技,九菱科技 孤岛反转,2026-08-06,2026-08-13,28.66,28.88,0.77,5
2026-08-05,002792,002792,通宇通讯,通宇通讯,通宇通讯 孤岛反转,2026-08-06,2026-08-13,32.68,38.63,18.21,5
2026-08-05,920061,920061,西磁科技,西磁科技,西磁科技 孤岛反转,2026-08-06,2026-08-13,17.8,17.68,-0.67,5
2026-08-05,920807,920807,奔朗新材,奔朗新材,奔朗新材 孤岛反转,2026-08-06,2026-08-13,9.42,9.58,1.7,5
2026-08-05,300698,300698,万马科技,万马科技,万马科技 孤岛反转,2026-08-06,2026-08-13,25.62,26.13,1.99,5
2026-08-05,600410,600410,华胜天成,华胜天成,华胜天成 孤岛反转,2026-08-06,2026-08-13,15.85,15.54,-1.96,5
2026-08-05,301488,301488,豪恩汽电,豪恩汽电,豪恩汽电 孤岛反转,2026-08-06,2026-08-13,108.51,102.95,-5.12,5
2026-08-05,920092,920092,汉鑫科技,汉鑫科技,汉鑫科技 孤岛反转,2026-08-06,2026-08-13,34.5,30.67,-11.1,5
2026-08-05,600666,600666,奥瑞德,奥瑞德,奥瑞德 孤岛反转,2026-08-06,2026-08-13,3.82,3.83,0.26,5
2026-08-05,600459,600459,贵研铂业,贵研铂业,贵研铂业 孤岛反转,2026-08-06,2026-08-13,21.1,20.74,-1.71,5
2026-08-05,001388,001388,信通电子,信通电子,信通电子 孤岛反转,2026-08-06,2026-08-13,23.26,23.06,-0.86,5
2026-08-05,600397,600397,江钨装备,江钨装备,江钨装备 孤岛反转,2026-08-06,2026-08-13,16.5,17.5,6.06,5
2026-08-05,600111,600111,北方稀土,北方稀土,北方稀土 孤岛反转,2026-08-06,2026-08-13,42.14,41.02,-2.66,5
2026-08-06,920136,920136,永励精密,永励精密,永励精密 孤岛反转,2026-08-07,2026-08-14,21.99,20.63,-6.18,5
2026-08-06,002194,002194,武汉凡谷,武汉凡谷,武汉凡谷 孤岛反转,2026-08-07,2026-08-14,10.49,10.45,-0.38,5
2026-08-06,002842,002842,翔鹭钨业,翔鹭钨业,翔鹭钨业 孤岛反转,2026-08-07,2026-08-14,36.0,39.72,10.33,5
2026-08-06,001267,001267,汇绿生态,汇绿生态,汇绿生态 孤岛反转,2026-08-07,2026-08-14,41.01,41.47,1.12,5
2026-08-06,600367,600367,红星发展,红星发展,红星发展 孤岛反转,2026-08-07,2026-08-14,31.91,33.63,5.39,5
2026-08-07,002194,002194,武汉凡谷,武汉凡谷,武汉凡谷 孤岛反转,2026-08-10,2026-08-17,10.55,10.56,0.09,5
2026-08-07,600397,600397,江钨装备,江钨装备,江钨装备 孤岛反转,2026-08-10,2026-08-17,18.07,18.67,3.32,5
2026-08-07,301251,301251,威尔高,威尔高,威尔高 孤岛反转,2026-08-10,2026-08-17,46.05,47.41,2.95,5
2026-08-07,002446,002446,盛路通信,盛路通信,盛路通信 孤岛反转,2026-08-10,2026-08-17,9.04,9.22,1.99,5
2026-08-07,002428,002428,云南锗业,云南锗业,云南锗业 孤岛反转,2026-08-10,2026-08-17,104.6,109.65,4.83,5
2026-08-10,603328,603328,依顿电子,依顿电子,依顿电子 孤岛反转,2026-08-11,2026-08-18,11.0,11.65,5.91,5
2026-08-10,600283,600283,钱江水利,钱江水利,钱江水利 孤岛反转,2026-08-11,2026-08-18,8.04,7.94,-1.24,5
2026-08-13,300394,300394,天孚通信,天孚通信,天孚通信 孤岛反转,2026-08-14,2026-08-21,262.01,273.08,4.23,5
2026-08-13,688635,688635,长进光子,长进光子,长进光子 孤岛反转,2026-08-14,2026-08-21,315.8,321.36,1.76,5
2026-08-14,301419,301419,阿莱德,阿莱德,阿莱德 孤岛反转,2026-08-17,2026-08-24,41.01,41.1,0.22,5
2026-08-17,301419,301419,阿莱德,阿莱德,阿莱德 孤岛反转,2026-08-18,2026-08-25,41.14,39.0,-5.2,5
2026-08-17,688628,688628,优利德,优利德,优利德 孤岛反转,2026-08-18,2026-08-25,75.3,81.68,8.47,5
2026-08-17,300751,300751,迈为股份,迈为股份,迈为股份 孤岛反转,2026-08-18,2026-08-25,186.36,211.5,13.49,5
2026-08-17,300548,300548,长芯博创,长芯博创,长芯博创 孤岛反转,2026-08-18,2026-08-25,220.63,196.23,-11.06,5
2026-08-18,605133,605133,嵘泰股份,嵘泰股份,嵘泰股份 孤岛反转,2026-08-19,2026-08-26,28.86,27.77,-3.78,5
2026-08-18,301286,301286,侨源股份,侨源股份,侨源股份 孤岛反转,2026-08-19,2026-08-26,44.78,46.05,2.84,5
2026-08-18,603936,603936,博敏电子,博敏电子,博敏电子 孤岛反转,2026-08-19,2026-08-26,18.57,16.95,-8.72,5
2026-08-18,000725,000725,京东方Ａ,京东方Ａ,京东方Ａ 孤岛反转,2026-08-19,2026-08-26,6.2,5.72,-7.74,5
2026-08-18,601116,601116,三江购物,三江购物,三江购物 孤岛反转,2026-08-19,2026-08-26,11.83,10.88,-8.03,5
2026-04-21,003006,003006,百亚股份,百亚股份,百亚股份 孤岛反转,2026-04-22,2026-05-11,18.64,17.32,-7.08,10
2026-04-21,600941,600941,中国移动,中国移动,中国移动 孤岛反转,2026-04-22,2026-05-11,93.99,95.53,1.64,10
2026-04-21,300533,300533,冰川网络,冰川网络,冰川网络 孤岛反转,2026-04-22,2026-05-11,20.71,19.64,-5.17,10
2026-04-22,920003,920003,中诚咨询,中诚咨询,中诚咨询 孤岛反转,2026-04-23,2026-05-12,21.33,22.04,3.33,10
2026-04-22,600638,600638,新黄浦,新黄浦,新黄浦 孤岛反转,2026-04-23,2026-05-12,6.3,6.45,2.38,10
2026-04-22,300496,300496,中科创达,中科创达,中科创达 孤岛反转,2026-04-23,2026-05-12,64.32,65.72,2.18,10
2026-04-23,600559,600559,老白干酒,老白干酒,老白干酒 孤岛反转,2026-04-24,2026-05-13,13.72,13.25,-3.43,10
2026-04-23,688581,688581,安杰思,安杰思,安杰思 孤岛反转,2026-04-24,2026-05-13,56.5,68.49,21.22,10
2026-04-23,300607,300607,拓斯达,拓斯达,拓斯达 孤岛反转,2026-04-24,2026-05-13,28.74,32.65,13.6,10
2026-04-23,301330,301330,熵基科技,熵基科技,熵基科技 孤岛反转,2026-04-24,2026-05-13,35.52,30.37,-14.5,10
2026-04-23,300482,300482,万孚生物,万孚生物,万孚生物 孤岛反转,2026-04-24,2026-05-13,18.09,19.28,6.58,10
2026-04-23,000066,000066,中国长城,中国长城,中国长城 孤岛反转,2026-04-24,2026-05-13,17.36,25.19,45.1,10
2026-04-23,000799,000799,酒鬼酒,酒鬼酒,酒鬼酒 孤岛反转,2026-04-24,2026-05-13,43.04,42.63,-0.95,10
2026-04-23,301302,301302,华如科技,华如科技,华如科技 孤岛反转,2026-04-24,2026-05-13,25.06,26.46,5.59,10
2026-04-23,601127,601127,赛力斯,赛力斯,赛力斯 孤岛反转,2026-04-24,2026-05-13,91.58,86.61,-5.43,10
2026-04-23,300034,300034,钢研高纳,钢研高纳,钢研高纳 孤岛反转,2026-04-24,2026-05-13,19.97,20.98,5.06,10
2026-04-23,600809,600809,山西汾酒,山西汾酒,山西汾酒 孤岛反转,2026-04-24,2026-05-13,134.25,127.34,-5.15,10
2026-04-23,600446,600446,金证股份,金证股份,金证股份 孤岛反转,2026-04-24,2026-05-13,13.46,13.73,2.01,10
2026-04-23,688047,688047,龙芯中科,龙芯中科,龙芯中科 孤岛反转,2026-04-24,2026-05-13,162.0,175.5,8.33,10
2026-04-23,603369,603369,今世缘,今世缘,今世缘 孤岛反转,2026-04-24,2026-05-13,25.11,26.92,7.21,10
2026-04-23,600893,600893,航发动力,航发动力,航发动力 孤岛反转,2026-04-24,2026-05-13,50.29,51.29,1.99,10
2026-04-24,688269,688269,凯立新材,凯立新材,凯立新材 孤岛反转,2026-04-27,2026-05-14,41.31,42.21,2.18,10
2026-04-24,002490,002490,山东墨龙,山东墨龙,山东墨龙 孤岛反转,2026-04-27,2026-05-14,10.03,9.16,-8.67,10
2026-04-27,300957,300957,贝泰妮,贝泰妮,贝泰妮 孤岛反转,2026-04-28,2026-05-15,43.0,39.5,-8.14,10
2026-04-27,603817,603817,海峡环保,海峡环保,海峡环保 孤岛反转,2026-04-28,2026-05-15,7.22,6.83,-5.4,10
2026-04-27,688110,688110,东芯股份,东芯股份,东芯股份 孤岛反转,2026-04-28,2026-05-15,132.52,156.12,17.81,10
2026-04-27,300860,300860,锋尚文化,锋尚文化,锋尚文化 孤岛反转,2026-04-28,2026-05-15,24.69,26.02,5.39,10
2026-04-27,600761,600761,安徽合力,安徽合力,安徽合力 孤岛反转,2026-04-28,2026-05-15,17.22,19.21,11.56,10
2026-04-27,603486,603486,科沃斯,科沃斯,科沃斯 孤岛反转,2026-04-28,2026-05-15,68.35,63.99,-6.38,10
2026-04-28,002191,002191,劲嘉股份,劲嘉股份,劲嘉股份 孤岛反转,2026-04-29,2026-05-18,3.71,3.92,5.66,10
2026-04-28,301275,301275,汉朔科技,汉朔科技,汉朔科技 孤岛反转,2026-04-29,2026-05-18,43.51,46.22,6.23,10
2026-04-28,601878,601878,浙商证券,浙商证券,浙商证券 孤岛反转,2026-04-29,2026-05-18,9.59,9.46,-1.36,10
2026-04-28,600332,600332,白云山,白云山,白云山 孤岛反转,2026-04-29,2026-05-18,22.38,21.64,-3.31,10
2026-04-28,688472,688472,阿特斯,阿特斯,阿特斯 孤岛反转,2026-04-29,2026-05-18,13.75,14.75,7.27,10
2026-04-28,300622,300622,博士眼镜,博士眼镜,博士眼镜 孤岛反转,2026-04-29,2026-05-18,17.44,20.18,15.71,10
2026-04-28,002923,002923,润都股份,润都股份,润都股份 孤岛反转,2026-04-29,2026-05-18,13.52,12.22,-9.62,10
2026-04-29,002818,002818,富森美,富森美,富森美 孤岛反转,2026-04-30,2026-05-19,12.08,11.39,-5.71,10
2026-04-29,603508,603508,思维列控,思维列控,思维列控 孤岛反转,2026-04-30,2026-05-19,25.64,25.27,-1.44,10
2026-04-29,300307,300307,慈星股份,慈星股份,慈星股份 孤岛反转,2026-04-30,2026-05-19,6.89,7.38,7.11,10
2026-04-29,300168,300168,万达信息,万达信息,万达信息 孤岛反转,2026-04-30,2026-05-19,5.59,5.9,5.55,10
2026-04-29,300381,300381,溢多利,溢多利,溢多利 孤岛反转,2026-04-30,2026-05-19,6.98,7.27,4.15,10
2026-04-29,601368,601368,绿城水务,绿城水务,绿城水务 孤岛反转,2026-04-30,2026-05-19,4.94,4.94,0.0,10
2026-04-29,301210,301210,金杨精密,金杨精密,金杨精密 孤岛反转,2026-04-30,2026-05-19,27.16,30.95,13.95,10
2026-04-29,300459,300459,汤姆猫,汤姆猫,汤姆猫 孤岛反转,2026-04-30,2026-05-19,4.15,4.29,3.37,10
2026-04-29,002568,002568,百润股份,百润股份,百润股份 孤岛反转,2026-04-30,2026-05-19,18.68,17.49,-6.37,10
2026-04-29,603369,603369,今世缘,今世缘,今世缘 孤岛反转,2026-04-30,2026-05-19,26.56,26.82,0.98,10
2026-04-29,603100,603100,川仪股份,川仪股份,川仪股份 孤岛反转,2026-04-30,2026-05-19,19.2,20.94,9.06,10
2026-04-29,300210,300210,森远股份,森远股份,森远股份 孤岛反转,2026-04-30,2026-05-19,9.79,12.0,22.57,10
2026-04-29,600111,600111,北方稀土,北方稀土,北方稀土 孤岛反转,2026-04-30,2026-05-19,51.74,50.11,-3.15,10
2026-04-29,002847,002847,盐津铺子,盐津铺子,盐津铺子 孤岛反转,2026-04-30,2026-05-19,59.69,57.05,-4.42,10
2026-04-29,000983,000983,山西焦煤,山西焦煤,山西焦煤 孤岛反转,2026-04-30,2026-05-19,6.9,6.61,-4.2,10
2026-04-29,300428,300428,立中集团,立中集团,立中集团 孤岛反转,2026-04-30,2026-05-19,20.45,21.46,4.94,10
2026-04-29,000818,000818,航锦科技,航锦科技,航锦科技 孤岛反转,2026-04-30,2026-05-19,16.0,16.51,3.19,10
2026-04-30,603195,603195,公牛集团,公牛集团,公牛集团 孤岛反转,2026-05-06,2026-05-20,42.81,41.37,-3.36,10
2026-04-30,601066,601066,中信建投,中信建投,中信建投 孤岛反转,2026-05-06,2026-05-20,23.15,22.33,-3.54,10
2026-04-30,600020,600020,中原高速,中原高速,中原高速 孤岛反转,2026-05-06,2026-05-20,3.87,3.79,-2.07,10
2026-04-30,600688,600688,上海石化,上海石化,上海石化 孤岛反转,2026-05-06,2026-05-20,3.13,2.9,-7.35,10
2026-04-30,600714,600714,金瑞矿业,金瑞矿业,金瑞矿业 孤岛反转,2026-05-06,2026-05-20,22.1,27.72,25.43,10
2026-04-30,600288,600288,大恒科技,大恒科技,大恒科技 孤岛反转,2026-05-06,2026-05-20,15.48,14.61,-5.62,10
2026-04-30,688339,688339,亿华通,亿华通,亿华通 孤岛反转,2026-05-06,2026-05-20,25.35,25.39,0.16,10
2026-04-30,300094,300094,国联水产,国联水产,国联水产 孤岛反转,2026-05-06,2026-05-20,3.19,3.06,-4.08,10
2026-04-30,920080,920080,奥美森,奥美森,奥美森 孤岛反转,2026-05-06,2026-05-20,24.04,25.22,4.91,10
2026-04-30,002277,002277,友阿股份,友阿股份,友阿股份 孤岛反转,2026-05-06,2026-05-20,6.15,6.52,6.02,10
2026-04-30,601377,601377,兴业证券,兴业证券,兴业证券 孤岛反转,2026-05-06,2026-05-20,5.98,5.78,-3.34,10
2026-04-30,601827,601827,三峰环境,三峰环境,三峰环境 孤岛反转,2026-05-06,2026-05-20,7.96,7.65,-3.89,10
2026-04-30,300999,300999,金龙鱼,金龙鱼,金龙鱼 孤岛反转,2026-05-06,2026-05-20,28.51,26.67,-6.45,10
2026-04-30,600085,600085,同仁堂,同仁堂,同仁堂 孤岛反转,2026-05-06,2026-05-20,27.25,25.34,-7.01,10
2026-04-30,600155,600155,华创云信,华创云信,华创云信 孤岛反转,2026-05-06,2026-05-20,6.27,6.01,-4.15,10
2026-04-30,000880,000880,潍柴重机,潍柴重机,潍柴重机 孤岛反转,2026-05-06,2026-05-20,30.9,35.42,14.63,10
2026-04-30,002202,002202,金风科技,金风科技,金风科技 孤岛反转,2026-05-06,2026-05-20,27.73,25.06,-9.63,10
2026-05-06,002453,002453,华软科技,华软科技,华软科技 孤岛反转,2026-05-07,2026-05-21,6.23,5.69,-8.67,10
2026-05-06,300170,300170,汉得信息,汉得信息,汉得信息 孤岛反转,2026-05-07,2026-05-21,22.48,20.09,-10.63,10
2026-05-06,002698,002698,博实股份,博实股份,博实股份 孤岛反转,2026-05-07,2026-05-21,13.68,13.82,1.02,10
2026-05-06,300456,300456,赛微电子,赛微电子,赛微电子 孤岛反转,2026-05-07,2026-05-21,51.95,46.21,-11.05,10
2026-05-06,688027,688027,国盾量子,国盾量子,国盾量子 孤岛反转,2026-05-07,2026-05-21,596.77,538.84,-9.71,10
2026-05-06,300520,300520,科大国创,科大国创,科大国创 孤岛反转,2026-05-07,2026-05-21,37.03,34.01,-8.16,10
2026-05-08,601868,601868,中国能建,中国能建,中国能建 孤岛反转,2026-05-11,2026-05-25,3.23,3.05,-5.57,10
2026-05-08,920180,920180,爱得科技,爱得科技,爱得科技 孤岛反转,2026-05-11,2026-05-25,15.79,14.09,-10.77,10
2026-05-11,300546,300546,雄帝科技,雄帝科技,雄帝科技 孤岛反转,2026-05-12,2026-05-26,22.75,18.75,-17.58,10
2026-05-11,601609,601609,金田股份,金田股份,金田股份 孤岛反转,2026-05-12,2026-05-26,11.89,13.67,14.97,10
2026-05-11,603881,603881,数据港,数据港,数据港 孤岛反转,2026-05-12,2026-05-26,34.96,30.88,-11.67,10
2026-05-11,601965,601965,中国汽研,中国汽研,中国汽研 孤岛反转,2026-05-12,2026-05-26,16.2,15.88,-1.98,10
2026-05-12,001207,001207,联科科技,联科科技,联科科技 孤岛反转,2026-05-13,2026-05-27,20.14,19.69,-2.23,10
2026-05-13,920670,920670,数字人,数字人,数字人 孤岛反转,2026-05-14,2026-05-28,16.72,14.12,-15.55,10
2026-05-14,920429,920429,康比特,康比特,康比特 孤岛反转,2026-05-15,2026-05-29,13.01,11.17,-14.14,10
2026-05-14,920469,920469,富恒新材,富恒新材,富恒新材 孤岛反转,2026-05-15,2026-05-29,8.5,7.23,-14.94,10
2026-05-18,600339,600339,中油工程,中油工程,中油工程 孤岛反转,2026-05-19,2026-06-02,4.19,3.56,-15.04,10
2026-05-18,301008,301008,宏昌科技,宏昌科技,宏昌科技 孤岛反转,2026-05-19,2026-06-02,31.86,24.86,-21.97,10
2026-05-18,920088,920088,科力股份,科力股份,科力股份 孤岛反转,2026-05-19,2026-06-02,43.97,35.09,-20.2,10
2026-05-18,603363,603363,傲农生物,傲农生物,傲农生物 孤岛反转,2026-05-19,2026-06-02,3.56,3.19,-10.39,10
2026-05-19,600850,600850,电科数字,电科数字,电科数字 孤岛反转,2026-05-20,2026-06-03,19.03,18.93,-0.53,10
2026-05-20,002246,002246,北化股份,北化股份,北化股份 孤岛反转,2026-05-21,2026-06-04,24.64,20.33,-17.49,10
2026-05-21,000050,000050,深天马Ａ,深天马Ａ,深天马Ａ 孤岛反转,2026-05-22,2026-06-05,7.68,8.61,12.11,10
2026-05-21,000728,000728,国元证券,国元证券,国元证券 孤岛反转,2026-05-22,2026-06-05,7.23,6.81,-5.81,10
2026-05-21,300940,300940,南极光,南极光,南极光 孤岛反转,2026-05-22,2026-06-05,20.51,17.3,-15.65,10
2026-05-22,002703,002703,浙江世宝,浙江世宝,浙江世宝 孤岛反转,2026-05-25,2026-06-08,21.01,16.41,-21.89,10
2026-05-22,603232,603232,格尔软件,格尔软件,格尔软件 孤岛反转,2026-05-25,2026-06-08,20.0,17.3,-13.5,10
2026-05-25,000510,000510,新金路,新金路,新金路 孤岛反转,2026-05-26,2026-06-09,16.55,16.8,1.51,10
2026-05-25,605259,605259,绿田机械,绿田机械,绿田机械 孤岛反转,2026-05-26,2026-06-09,19.27,18.5,-4.0,10
2026-05-25,688330,688330,宏力达,宏力达,宏力达 孤岛反转,2026-05-26,2026-06-09,40.5,35.07,-13.41,10
2026-05-25,000630,000630,铜陵有色,铜陵有色,铜陵有色 孤岛反转,2026-05-26,2026-06-09,6.65,6.25,-6.02,10
2026-05-25,601717,601717,中创智领,中创智领,中创智领 孤岛反转,2026-05-26,2026-06-09,18.25,16.47,-9.75,10
2026-05-26,603103,603103,横店影视,横店影视,横店影视 孤岛反转,2026-05-27,2026-06-10,21.4,23.23,8.55,10
2026-05-26,301050,301050,雷电微力,雷电微力,雷电微力 孤岛反转,2026-05-27,2026-06-10,40.27,34.31,-14.8,10
2026-05-27,002771,002771,真视通,真视通,真视通 孤岛反转,2026-05-28,2026-06-11,16.87,15.17,-10.08,10
2026-05-29,002535,002535,林州重机,林州重机,林州重机 孤岛反转,2026-06-01,2026-06-15,2.61,2.48,-4.98,10
2026-05-29,920943,920943,优机股份,优机股份,优机股份 孤岛反转,2026-06-01,2026-06-15,14.69,14.73,0.27,10
2026-05-29,000401,000401,金隅冀东,金隅冀东,金隅冀东 孤岛反转,2026-06-01,2026-06-15,3.97,3.85,-3.02,10
2026-05-29,603529,603529,爱玛科技,爱玛科技,爱玛科技 孤岛反转,2026-06-01,2026-06-15,21.56,21.12,-2.04,10
2026-06-01,301035,301035,润丰股份,润丰股份,润丰股份 孤岛反转,2026-06-02,2026-06-16,54.58,50.03,-8.34,10
2026-06-02,002637,002637,赞宇科技,赞宇科技,赞宇科技 孤岛反转,2026-06-03,2026-06-17,12.58,11.76,-6.52,10
2026-06-02,600797,600797,浙大网新,浙大网新,浙大网新 孤岛反转,2026-06-03,2026-06-17,7.84,7.18,-8.42,10
2026-06-02,000737,000737,北方铜业,北方铜业,北方铜业 孤岛反转,2026-06-03,2026-06-17,14.94,14.52,-2.81,10
2026-06-03,001280,001280,中国铀业,中国铀业,中国铀业 孤岛反转,2026-06-04,2026-06-18,71.52,73.36,2.57,10
2026-06-03,920580,920580,科创新材,科创新材,科创新材 孤岛反转,2026-06-04,2026-06-18,12.97,12.21,-5.86,10
2026-06-03,688597,688597,煜邦电力,煜邦电力,煜邦电力 孤岛反转,2026-06-04,2026-06-18,9.22,7.55,-18.11,10
2026-06-04,300516,300516,久之洋,久之洋,久之洋 孤岛反转,2026-06-05,2026-06-22,41.8,35.23,-15.72,10
2026-06-04,002965,002965,祥鑫科技,祥鑫科技,祥鑫科技 孤岛反转,2026-06-05,2026-06-22,36.47,43.47,19.19,10
2026-06-09,001696,001696,宗申动力,宗申动力,宗申动力 孤岛反转,2026-06-10,2026-06-25,17.84,25.26,41.59,10
2026-06-10,920271,920271,邦德股份,邦德股份,邦德股份 孤岛反转,2026-06-11,2026-06-26,12.93,10.12,-21.73,10
2026-06-10,001696,001696,宗申动力,宗申动力,宗申动力 孤岛反转,2026-06-11,2026-06-26,18.82,23.78,26.35,10
2026-06-10,300674,300674,宇信科技,宇信科技,宇信科技 孤岛反转,2026-06-11,2026-06-26,16.35,15.11,-7.58,10
2026-06-10,603002,603002,宏昌电子,宏昌电子,宏昌电子 孤岛反转,2026-06-11,2026-06-26,18.33,26.23,43.1,10
2026-06-10,688041,688041,海光信息,海光信息,海光信息 孤岛反转,2026-06-11,2026-06-26,282.25,344.9,22.2,10
2026-06-11,000422,000422,湖北宜化,湖北宜化,湖北宜化 孤岛反转,2026-06-12,2026-06-29,13.27,13.58,2.34,10
2026-06-11,002490,002490,山东墨龙,山东墨龙,山东墨龙 孤岛反转,2026-06-12,2026-06-29,8.03,6.46,-19.55,10
2026-06-12,301656,301656,联合动力,联合动力,联合动力 孤岛反转,2026-06-15,2026-06-30,19.02,17.23,-9.41,10
2026-06-12,600711,600711,盛屯矿业,盛屯矿业,盛屯矿业 孤岛反转,2026-06-15,2026-06-30,13.07,10.97,-16.07,10
2026-06-12,688010,688010,福光股份,福光股份,福光股份 孤岛反转,2026-06-15,2026-06-30,45.6,48.63,6.64,10
2026-06-12,002597,002597,金禾实业,金禾实业,金禾实业 孤岛反转,2026-06-15,2026-06-30,22.29,19.6,-12.07,10
2026-06-12,600029,600029,南方航空,南方航空,南方航空 孤岛反转,2026-06-15,2026-06-30,5.54,5.18,-6.5,10
2026-06-12,000737,000737,北方铜业,北方铜业,北方铜业 孤岛反转,2026-06-15,2026-06-30,13.94,13.08,-6.17,10
2026-06-12,000878,000878,云南铜业,云南铜业,云南铜业 孤岛反转,2026-06-15,2026-06-30,17.47,15.88,-9.1,10
2026-06-15,002088,002088,鲁阳节能,鲁阳节能,鲁阳节能 孤岛反转,2026-06-16,2026-07-01,8.8,7.78,-11.59,10
2026-06-15,002985,002985,北摩高科,北摩高科,北摩高科 孤岛反转,2026-06-16,2026-07-01,30.97,27.17,-12.27,10
2026-06-15,601021,601021,春秋航空,春秋航空,春秋航空 孤岛反转,2026-06-16,2026-07-01,47.86,46.71,-2.4,10
2026-06-15,300848,300848,美瑞新材,美瑞新材,美瑞新材 孤岛反转,2026-06-16,2026-07-01,15.37,14.18,-7.74,10
2026-06-15,000751,000751,锌业股份,锌业股份,锌业股份 孤岛反转,2026-06-16,2026-07-01,5.3,6.2,16.98,10
2026-06-15,000737,000737,北方铜业,北方铜业,北方铜业 孤岛反转,2026-06-16,2026-07-01,14.64,13.21,-9.77,10
2026-06-16,300014,300014,亿纬锂能,亿纬锂能,亿纬锂能 孤岛反转,2026-06-17,2026-07-02,66.5,61.27,-7.86,10
2026-06-16,000733,000733,振华科技,振华科技,振华科技 孤岛反转,2026-06-17,2026-07-02,55.72,57.12,2.51,10
2026-06-17,300099,300099,尤洛卡,尤洛卡,尤洛卡 孤岛反转,2026-06-18,2026-07-03,7.83,6.36,-18.77,10
2026-06-17,300040,300040,九洲集团,九洲集团,九洲集团 孤岛反转,2026-06-18,2026-07-03,6.79,5.88,-13.4,10
2026-06-18,301363,301363,美好医疗,美好医疗,美好医疗 孤岛反转,2026-06-22,2026-07-06,19.68,21.66,10.06,10
2026-06-22,600769,600769,祥龙电业,祥龙电业,祥龙电业 孤岛反转,2026-06-23,2026-07-07,21.72,18.11,-16.62,10
2026-06-22,688515,688515,裕太微,裕太微,裕太微 孤岛反转,2026-06-23,2026-07-07,260.97,212.58,-18.54,10
2026-06-23,603339,603339,四方科技,四方科技,四方科技 孤岛反转,2026-06-24,2026-07-08,14.22,15.26,7.31,10
2026-06-23,000751,000751,锌业股份,锌业股份,锌业股份 孤岛反转,2026-06-24,2026-07-08,5.74,4.84,-15.68,10
2026-06-23,920223,920223,荣亿精密,荣亿精密,荣亿精密 孤岛反转,2026-06-24,2026-07-08,14.59,12.54,-14.05,10
2026-06-23,002312,002312,川发龙蟒,川发龙蟒,川发龙蟒 孤岛反转,2026-06-24,2026-07-08,9.5,8.42,-11.37,10
2026-06-23,600379,600379,宝光股份,宝光股份,宝光股份 孤岛反转,2026-06-24,2026-07-08,13.88,15.21,9.58,10
2026-06-23,603232,603232,格尔软件,格尔软件,格尔软件 孤岛反转,2026-06-24,2026-07-08,16.85,14.42,-14.42,10
2026-06-24,002580,002580,圣阳股份,圣阳股份,圣阳股份 孤岛反转,2026-06-25,2026-07-09,25.99,17.83,-31.4,10
2026-06-26,688349,688349,三一重能,三一重能,三一重能 孤岛反转,2026-06-29,2026-07-13,14.03,13.77,-1.85,10
2026-06-29,000521,000521,长虹美菱,长虹美菱,长虹美菱 孤岛反转,2026-06-30,2026-07-14,5.36,5.47,2.05,10
2026-06-30,001237,001237,惠康科技,惠康科技,惠康科技 孤岛反转,2026-07-01,2026-07-15,73.56,55.76,-24.2,10
2026-06-30,301680,301680,固德电材,固德电材,固德电材 孤岛反转,2026-07-01,2026-07-15,118.81,90.23,-24.06,10
2026-07-01,000603,000603,盛达资源,盛达资源,盛达资源 孤岛反转,2026-07-02,2026-07-16,26.62,20.45,-23.18,10
2026-07-02,920021,920021,流金科技,流金科技,流金科技 孤岛反转,2026-07-03,2026-07-17,7.45,6.87,-7.79,10
2026-07-06,600749,600749,西藏旅游,西藏旅游,西藏旅游 孤岛反转,2026-07-07,2026-07-21,14.7,13.42,-8.71,10
2026-07-07,603538,603538,美诺华,美诺华,美诺华 孤岛反转,2026-07-08,2026-07-22,30.97,29.23,-5.62,10
2026-07-08,920010,920010,凯添燃气,凯添燃气,凯添燃气 孤岛反转,2026-07-09,2026-07-23,8.07,9.0,11.52,10
2026-07-08,920088,920088,科力股份,科力股份,科力股份 孤岛反转,2026-07-09,2026-07-23,37.1,54.99,48.22,10
2026-07-08,002490,002490,山东墨龙,山东墨龙,山东墨龙 孤岛反转,2026-07-09,2026-07-23,7.36,8.23,11.82,10
2026-07-09,002490,002490,山东墨龙,山东墨龙,山东墨龙 孤岛反转,2026-07-10,2026-07-24,7.31,7.92,8.34,10
2026-07-09,920088,920088,科力股份,科力股份,科力股份 孤岛反转,2026-07-10,2026-07-24,36.0,53.0,47.22,10
2026-07-10,002208,002208,合肥城建,合肥城建,合肥城建 孤岛反转,2026-07-13,2026-07-27,18.51,13.06,-29.44,10
2026-07-10,002902,002902,铭普光磁,铭普光磁,铭普光磁 孤岛反转,2026-07-13,2026-07-27,26.63,22.44,-15.73,10
2026-07-13,600821,600821,金开新能,金开新能,金开新能 孤岛反转,2026-07-14,2026-07-28,6.3,6.44,2.22,10
2026-07-13,601139,601139,深圳燃气,深圳燃气,深圳燃气 孤岛反转,2026-07-14,2026-07-28,6.04,6.34,4.97,10
2026-07-13,600085,600085,同仁堂,同仁堂,同仁堂 孤岛反转,2026-07-14,2026-07-28,24.25,25.49,5.11,10
2026-07-14,603393,603393,新天然气,新天然气,新天然气 孤岛反转,2026-07-15,2026-07-29,23.7,25.97,9.58,10
2026-07-14,000968,000968,蓝焰控股,蓝焰控股,蓝焰控股 孤岛反转,2026-07-15,2026-07-29,6.96,6.86,-1.44,10
2026-07-15,002243,002243,力合科创,力合科创,力合科创 孤岛反转,2026-07-16,2026-07-30,6.89,6.9,0.15,10
2026-07-15,300628,300628,亿联网络,亿联网络,亿联网络 孤岛反转,2026-07-16,2026-07-30,36.6,39.08,6.78,10
2026-07-15,002379,002379,宏桥控股,宏桥控股,宏桥控股 孤岛反转,2026-07-16,2026-07-30,18.19,21.0,15.45,10
2026-07-15,601995,601995,中金公司,中金公司,中金公司 孤岛反转,2026-07-16,2026-07-30,37.36,35.2,-5.78,10
2026-07-16,688166,688166,博瑞医药,博瑞医药,博瑞医药 孤岛反转,2026-07-17,2026-07-31,40.31,32.94,-18.28,10
2026-07-16,000504,000504,南华生物,南华生物,南华生物 孤岛反转,2026-07-17,2026-07-31,9.19,7.57,-17.63,10
2026-07-16,600199,600199,金种子酒,金种子酒,金种子酒 孤岛反转,2026-07-17,2026-07-31,7.19,7.85,9.18,10
2026-07-16,603949,603949,雪龙集团,雪龙集团,雪龙集团 孤岛反转,2026-07-17,2026-07-31,14.2,13.48,-5.07,10
2026-07-16,688255,688255,凯尔达,凯尔达,凯尔达 孤岛反转,2026-07-17,2026-07-31,27.42,24.2,-11.74,10
2026-07-20,600644,600644,乐山电力,乐山电力,乐山电力 孤岛反转,2026-07-21,2026-08-04,9.85,10.43,5.89,10
2026-07-20,600744,600744,华银电力,华银电力,华银电力 孤岛反转,2026-07-21,2026-08-04,7.0,7.29,4.14,10
2026-07-20,001258,001258,立新能源,立新能源,立新能源 孤岛反转,2026-07-21,2026-08-04,10.01,13.4,33.87,10
2026-07-21,001258,001258,立新能源,立新能源,立新能源 孤岛反转,2026-07-22,2026-08-05,10.9,13.53,24.13,10
2026-07-22,000426,000426,兴业银锡,兴业银锡,兴业银锡 孤岛反转,2026-07-23,2026-08-06,32.3,37.58,16.35,10
2026-07-23,300651,300651,金陵体育,金陵体育,金陵体育 孤岛反转,2026-07-24,2026-08-07,17.0,17.27,1.59,10
2026-07-23,600158,600158,中体产业,中体产业,中体产业 孤岛反转,2026-07-24,2026-08-07,6.89,7.04,2.18,10
2026-07-23,000603,000603,盛达资源,盛达资源,盛达资源 孤岛反转,2026-07-24,2026-08-07,23.99,34.43,43.52,10
2026-07-23,603629,603629,利通电子,利通电子,利通电子 孤岛反转,2026-07-24,2026-08-07,114.0,127.4,11.75,10
2026-07-24,000595,000595,新能股份,新能股份,新能股份 孤岛反转,2026-07-27,2026-08-10,5.46,6.36,16.48,10
2026-07-24,920222,920222,益坤电气,益坤电气,益坤电气 孤岛反转,2026-07-27,2026-08-10,27.8,30.5,9.71,10
2026-07-24,601678,601678,滨化股份,滨化股份,滨化股份 孤岛反转,2026-07-27,2026-08-10,6.72,7.43,10.57,10
2026-07-28,300293,300293,蓝英装备,蓝英装备,蓝英装备 孤岛反转,2026-07-29,2026-08-12,15.82,16.55,4.61,10
2026-07-28,920509,920509,同惠电子,同惠电子,同惠电子 孤岛反转,2026-07-29,2026-08-12,19.4,20.49,5.62,10
2026-07-28,600775,600775,南京熊猫,南京熊猫,南京熊猫 孤岛反转,2026-07-29,2026-08-12,9.9,10.25,3.54,10
2026-07-28,002387,002387,维信诺,维信诺,维信诺 孤岛反转,2026-07-29,2026-08-12,6.72,7.22,7.44,10
2026-07-28,300341,300341,麦克奥迪,麦克奥迪,麦克奥迪 孤岛反转,2026-07-29,2026-08-12,12.33,13.32,8.03,10
2026-07-28,002549,002549,凯美特气,凯美特气,凯美特气 孤岛反转,2026-07-29,2026-08-12,13.53,14.63,8.13,10
2026-07-29,600895,600895,张江高科,张江高科,张江高科 孤岛反转,2026-07-30,2026-08-13,30.09,32.62,8.41,10
2026-07-30,301626,301626,苏州天脉,苏州天脉,苏州天脉 孤岛反转,2026-07-31,2026-08-14,228.26,255.9,12.11,10
2026-07-31,600580,600580,卧龙电驱,卧龙电驱,卧龙电驱 孤岛反转,2026-08-03,2026-08-17,32.48,35.26,8.56,10
2026-07-31,688158,688158,优刻得,优刻得,优刻得 孤岛反转,2026-08-03,2026-08-17,31.55,36.34,15.18,10
2026-07-31,688777,688777,中控技术,中控技术,中控技术 孤岛反转,2026-08-03,2026-08-17,92.0,96.81,5.23,10
2026-08-03,301120,301120,新特电气,新特电气,新特电气 孤岛反转,2026-08-04,2026-08-18,15.25,15.58,2.16,10
2026-08-03,600580,600580,卧龙电驱,卧龙电驱,卧龙电驱 孤岛反转,2026-08-04,2026-08-18,34.0,37.87,11.38,10
2026-08-03,601118,601118,海南橡胶,海南橡胶,海南橡胶 孤岛反转,2026-08-04,2026-08-18,5.2,5.69,9.42,10
2026-08-04,002361,002361,神剑股份,神剑股份,神剑股份 孤岛反转,2026-08-05,2026-08-19,11.25,11.27,0.18,10
2026-08-04,300052,300052,中青宝,中青宝,中青宝 孤岛反转,2026-08-05,2026-08-19,11.74,10.72,-8.69,10
2026-08-04,002693,002693,双成药业,双成药业,双成药业 孤岛反转,2026-08-05,2026-08-19,9.69,9.32,-3.82,10
2026-08-04,605123,605123,派克新材,派克新材,派克新材 孤岛反转,2026-08-05,2026-08-19,81.72,77.82,-4.77,10
2026-08-05,301026,301026,浩通科技,浩通科技,浩通科技 孤岛反转,2026-08-06,2026-08-20,21.7,21.13,-2.63,10
2026-08-05,920505,920505,九菱科技,九菱科技,九菱科技 孤岛反转,2026-08-06,2026-08-20,28.66,27.65,-3.52,10
2026-08-05,002792,002792,通宇通讯,通宇通讯,通宇通讯 孤岛反转,2026-08-06,2026-08-20,32.68,31.73,-2.91,10
2026-08-05,920061,920061,西磁科技,西磁科技,西磁科技 孤岛反转,2026-08-06,2026-08-20,17.8,17.32,-2.7,10
2026-08-05,920807,920807,奔朗新材,奔朗新材,奔朗新材 孤岛反转,2026-08-06,2026-08-20,9.42,9.34,-0.85,10
2026-08-05,300698,300698,万马科技,万马科技,万马科技 孤岛反转,2026-08-06,2026-08-20,25.62,25.0,-2.42,10
2026-08-05,600410,600410,华胜天成,华胜天成,华胜天成 孤岛反转,2026-08-06,2026-08-20,15.85,13.56,-14.45,10
2026-08-05,301488,301488,豪恩汽电,豪恩汽电,豪恩汽电 孤岛反转,2026-08-06,2026-08-20,108.51,96.44,-11.12,10
2026-08-05,920092,920092,汉鑫科技,汉鑫科技,汉鑫科技 孤岛反转,2026-08-06,2026-08-20,34.5,27.43,-20.49,10
2026-08-05,600666,600666,奥瑞德,奥瑞德,奥瑞德 孤岛反转,2026-08-06,2026-08-20,3.82,3.51,-8.12,10
2026-08-05,600459,600459,贵研铂业,贵研铂业,贵研铂业 孤岛反转,2026-08-06,2026-08-20,21.1,21.3,0.95,10
2026-08-05,001388,001388,信通电子,信通电子,信通电子 孤岛反转,2026-08-06,2026-08-20,23.26,21.47,-7.7,10
2026-08-05,600397,600397,江钨装备,江钨装备,江钨装备 孤岛反转,2026-08-06,2026-08-20,16.5,16.49,-0.06,10
2026-08-05,600111,600111,北方稀土,北方稀土,北方稀土 孤岛反转,2026-08-06,2026-08-20,42.14,39.78,-5.6,10
2026-08-06,920136,920136,永励精密,永励精密,永励精密 孤岛反转,2026-08-07,2026-08-21,21.99,20.38,-7.32,10
2026-08-06,002194,002194,武汉凡谷,武汉凡谷,武汉凡谷 孤岛反转,2026-08-07,2026-08-21,10.49,10.05,-4.19,10
2026-08-06,002842,002842,翔鹭钨业,翔鹭钨业,翔鹭钨业 孤岛反转,2026-08-07,2026-08-21,36.0,39.47,9.64,10
2026-08-06,001267,001267,汇绿生态,汇绿生态,汇绿生态 孤岛反转,2026-08-07,2026-08-21,41.01,37.47,-8.63,10
2026-08-06,600367,600367,红星发展,红星发展,红星发展 孤岛反转,2026-08-07,2026-08-21,31.91,34.68,8.68,10
2026-08-07,002194,002194,武汉凡谷,武汉凡谷,武汉凡谷 孤岛反转,2026-08-10,2026-08-24,10.55,9.93,-5.88,10
2026-08-07,600397,600397,江钨装备,江钨装备,江钨装备 孤岛反转,2026-08-10,2026-08-24,18.07,18.23,0.89,10
2026-08-07,301251,301251,威尔高,威尔高,威尔高 孤岛反转,2026-08-10,2026-08-24,46.05,47.91,4.04,10
2026-08-07,002446,002446,盛路通信,盛路通信,盛路通信 孤岛反转,2026-08-10,2026-08-24,9.04,8.34,-7.74,10
2026-08-07,002428,002428,云南锗业,云南锗业,云南锗业 孤岛反转,2026-08-10,2026-08-24,104.6,95.37,-8.82,10
2026-08-10,603328,603328,依顿电子,依顿电子,依顿电子 孤岛反转,2026-08-11,2026-08-25,11.0,10.91,-0.82,10
2026-08-10,600283,600283,钱江水利,钱江水利,钱江水利 孤岛反转,2026-08-11,2026-08-25,8.04,7.87,-2.11,10
2026-08-13,300394,300394,天孚通信,天孚通信,天孚通信 孤岛反转,2026-08-14,2026-08-28,262.01,263.58,0.6,10
2026-08-13,688635,688635,长进光子,长进光子,长进光子 孤岛反转,2026-08-14,2026-08-28,315.8,293.88,-6.94,10
2026-04-21,003006,003006,百亚股份,百亚股份,百亚股份 孤岛反转,2026-04-22,2026-05-25,18.64,15.57,-16.47,20
2026-04-21,600941,600941,中国移动,中国移动,中国移动 孤岛反转,2026-04-22,2026-05-25,93.99,94.5,0.54,20
2026-04-21,300533,300533,冰川网络,冰川网络,冰川网络 孤岛反转,2026-04-22,2026-05-25,20.71,18.19,-12.17,20
2026-04-22,920003,920003,中诚咨询,中诚咨询,中诚咨询 孤岛反转,2026-04-23,2026-05-26,21.33,19.84,-6.99,20
2026-04-22,600638,600638,新黄浦,新黄浦,新黄浦 孤岛反转,2026-04-23,2026-05-26,6.3,5.64,-10.48,20
2026-04-22,300496,300496,中科创达,中科创达,中科创达 孤岛反转,2026-04-23,2026-05-26,64.32,74.3,15.52,20
2026-04-23,600559,600559,老白干酒,老白干酒,老白干酒 孤岛反转,2026-04-24,2026-05-27,13.72,12.84,-6.41,20
2026-04-23,688581,688581,安杰思,安杰思,安杰思 孤岛反转,2026-04-24,2026-05-27,56.5,56.97,0.83,20
2026-04-23,300607,300607,拓斯达,拓斯达,拓斯达 孤岛反转,2026-04-24,2026-05-27,28.74,32.62,13.5,20
2026-04-23,301330,301330,熵基科技,熵基科技,熵基科技 孤岛反转,2026-04-24,2026-05-27,35.52,27.62,-22.24,20
2026-04-23,300482,300482,万孚生物,万孚生物,万孚生物 孤岛反转,2026-04-24,2026-05-27,18.09,18.0,-0.5,20
2026-04-23,000066,000066,中国长城,中国长城,中国长城 孤岛反转,2026-04-24,2026-05-27,17.36,18.36,5.76,20
2026-04-23,000799,000799,酒鬼酒,酒鬼酒,酒鬼酒 孤岛反转,2026-04-24,2026-05-27,43.04,42.45,-1.37,20
2026-04-23,301302,301302,华如科技,华如科技,华如科技 孤岛反转,2026-04-24,2026-05-27,25.06,26.38,5.27,20
2026-04-23,601127,601127,赛力斯,赛力斯,赛力斯 孤岛反转,2026-04-24,2026-05-27,91.58,83.79,-8.51,20
2026-04-23,300034,300034,钢研高纳,钢研高纳,钢研高纳 孤岛反转,2026-04-24,2026-05-27,19.97,18.77,-6.01,20
2026-04-23,600809,600809,山西汾酒,山西汾酒,山西汾酒 孤岛反转,2026-04-24,2026-05-27,134.25,122.4,-8.83,20
2026-04-23,600446,600446,金证股份,金证股份,金证股份 孤岛反转,2026-04-24,2026-05-27,13.46,13.72,1.93,20
2026-04-23,688047,688047,龙芯中科,龙芯中科,龙芯中科 孤岛反转,2026-04-24,2026-05-27,162.0,153.62,-5.17,20
2026-04-23,603369,603369,今世缘,今世缘,今世缘 孤岛反转,2026-04-24,2026-05-27,25.11,28.61,13.94,20
2026-04-23,600893,600893,航发动力,航发动力,航发动力 孤岛反转,2026-04-24,2026-05-27,50.29,44.03,-12.45,20
2026-04-24,688269,688269,凯立新材,凯立新材,凯立新材 孤岛反转,2026-04-27,2026-05-28,41.31,38.33,-7.21,20
2026-04-24,002490,002490,山东墨龙,山东墨龙,山东墨龙 孤岛反转,2026-04-27,2026-05-28,10.03,7.98,-20.44,20
2026-04-27,300957,300957,贝泰妮,贝泰妮,贝泰妮 孤岛反转,2026-04-28,2026-05-29,43.0,37.75,-12.21,20
2026-04-27,603817,603817,海峡环保,海峡环保,海峡环保 孤岛反转,2026-04-28,2026-05-29,7.22,6.18,-14.4,20
2026-04-27,688110,688110,东芯股份,东芯股份,东芯股份 孤岛反转,2026-04-28,2026-05-29,132.52,142.16,7.27,20
2026-04-27,300860,300860,锋尚文化,锋尚文化,锋尚文化 孤岛反转,2026-04-28,2026-05-29,24.69,24.59,-0.41,20
2026-04-27,600761,600761,安徽合力,安徽合力,安徽合力 孤岛反转,2026-04-28,2026-05-29,17.22,17.3,0.46,20
2026-04-27,603486,603486,科沃斯,科沃斯,科沃斯 孤岛反转,2026-04-28,2026-05-29,68.35,57.68,-15.61,20
2026-04-28,002191,002191,劲嘉股份,劲嘉股份,劲嘉股份 孤岛反转,2026-04-29,2026-06-01,3.71,3.75,1.08,20
2026-04-28,301275,301275,汉朔科技,汉朔科技,汉朔科技 孤岛反转,2026-04-29,2026-06-01,43.51,45.32,4.16,20
2026-04-28,601878,601878,浙商证券,浙商证券,浙商证券 孤岛反转,2026-04-29,2026-06-01,9.59,9.32,-2.82,20
2026-04-28,600332,600332,白云山,白云山,白云山 孤岛反转,2026-04-29,2026-06-01,22.38,21.26,-5.0,20
2026-04-28,688472,688472,阿特斯,阿特斯,阿特斯 孤岛反转,2026-04-29,2026-06-01,13.75,12.85,-6.55,20
2026-04-28,300622,300622,博士眼镜,博士眼镜,博士眼镜 孤岛反转,2026-04-29,2026-06-01,17.44,17.59,0.86,20
2026-04-28,002923,002923,润都股份,润都股份,润都股份 孤岛反转,2026-04-29,2026-06-01,13.52,11.03,-18.42,20
2026-04-29,002818,002818,富森美,富森美,富森美 孤岛反转,2026-04-30,2026-06-02,12.08,11.48,-4.97,20
2026-04-29,603508,603508,思维列控,思维列控,思维列控 孤岛反转,2026-04-30,2026-06-02,25.64,22.58,-11.93,20
2026-04-29,300307,300307,慈星股份,慈星股份,慈星股份 孤岛反转,2026-04-30,2026-06-02,6.89,6.76,-1.89,20
2026-04-29,300168,300168,万达信息,万达信息,万达信息 孤岛反转,2026-04-30,2026-06-02,5.59,5.32,-4.83,20
2026-04-29,300381,300381,溢多利,溢多利,溢多利 孤岛反转,2026-04-30,2026-06-02,6.98,6.36,-8.88,20
2026-04-29,601368,601368,绿城水务,绿城水务,绿城水务 孤岛反转,2026-04-30,2026-06-02,4.94,4.64,-6.07,20
2026-04-29,301210,301210,金杨精密,金杨精密,金杨精密 孤岛反转,2026-04-30,2026-06-02,27.16,27.66,1.84,20
2026-04-29,300459,300459,汤姆猫,汤姆猫,汤姆猫 孤岛反转,2026-04-30,2026-06-02,4.15,3.92,-5.54,20
2026-04-29,002568,002568,百润股份,百润股份,百润股份 孤岛反转,2026-04-30,2026-06-02,18.68,19.56,4.71,20
2026-04-29,603369,603369,今世缘,今世缘,今世缘 孤岛反转,2026-04-30,2026-06-02,26.56,28.0,5.42,20
2026-04-29,603100,603100,川仪股份,川仪股份,川仪股份 孤岛反转,2026-04-30,2026-06-02,19.2,19.33,0.68,20
2026-04-29,300210,300210,森远股份,森远股份,森远股份 孤岛反转,2026-04-30,2026-06-02,9.79,11.09,13.28,20
2026-04-29,600111,600111,北方稀土,北方稀土,北方稀土 孤岛反转,2026-04-30,2026-06-02,51.74,48.44,-6.38,20
2026-04-29,002847,002847,盐津铺子,盐津铺子,盐津铺子 孤岛反转,2026-04-30,2026-06-02,59.69,58.36,-2.23,20
2026-04-29,000983,000983,山西焦煤,山西焦煤,山西焦煤 孤岛反转,2026-04-30,2026-06-02,6.9,7.26,5.22,20
2026-04-29,300428,300428,立中集团,立中集团,立中集团 孤岛反转,2026-04-30,2026-06-02,20.45,20.43,-0.1,20
2026-04-29,000818,000818,航锦科技,航锦科技,航锦科技 孤岛反转,2026-04-30,2026-06-02,16.0,14.14,-11.62,20
2026-04-30,603195,603195,公牛集团,公牛集团,公牛集团 孤岛反转,2026-05-06,2026-06-03,42.81,39.8,-7.03,20
2026-04-30,601066,601066,中信建投,中信建投,中信建投 孤岛反转,2026-05-06,2026-06-03,23.15,25.55,10.37,20
2026-04-30,600020,600020,中原高速,中原高速,中原高速 孤岛反转,2026-05-06,2026-06-03,3.87,3.84,-0.78,20
2026-04-30,600688,600688,上海石化,上海石化,上海石化 孤岛反转,2026-05-06,2026-06-03,3.13,3.07,-1.92,20
2026-04-30,600714,600714,金瑞矿业,金瑞矿业,金瑞矿业 孤岛反转,2026-05-06,2026-06-03,22.1,29.83,34.98,20
2026-04-30,600288,600288,大恒科技,大恒科技,大恒科技 孤岛反转,2026-05-06,2026-06-03,15.48,13.78,-10.98,20
2026-04-30,688339,688339,亿华通,亿华通,亿华通 孤岛反转,2026-05-06,2026-06-03,25.35,21.6,-14.79,20
2026-04-30,300094,300094,国联水产,国联水产,国联水产 孤岛反转,2026-05-06,2026-06-03,3.19,2.92,-8.46,20
2026-04-30,920080,920080,奥美森,奥美森,奥美森 孤岛反转,2026-05-06,2026-06-03,24.04,22.23,-7.53,20
2026-04-30,002277,002277,友阿股份,友阿股份,友阿股份 孤岛反转,2026-05-06,2026-06-03,6.15,6.52,6.02,20
2026-04-30,601377,601377,兴业证券,兴业证券,兴业证券 孤岛反转,2026-05-06,2026-06-03,5.98,5.68,-5.02,20
2026-04-30,601827,601827,三峰环境,三峰环境,三峰环境 孤岛反转,2026-05-06,2026-06-03,7.96,8.14,2.26,20
2026-04-30,300999,300999,金龙鱼,金龙鱼,金龙鱼 孤岛反转,2026-05-06,2026-06-03,28.51,26.59,-6.73,20
2026-04-30,600085,600085,同仁堂,同仁堂,同仁堂 孤岛反转,2026-05-06,2026-06-03,27.25,24.68,-9.43,20
2026-04-30,600155,600155,华创云信,华创云信,华创云信 孤岛反转,2026-05-06,2026-06-03,6.27,5.58,-11.0,20
2026-04-30,000880,000880,潍柴重机,潍柴重机,潍柴重机 孤岛反转,2026-05-06,2026-06-03,30.9,27.96,-9.51,20
2026-04-30,002202,002202,金风科技,金风科技,金风科技 孤岛反转,2026-05-06,2026-06-03,27.73,23.38,-15.69,20
2026-05-06,002453,002453,华软科技,华软科技,华软科技 孤岛反转,2026-05-07,2026-06-04,6.23,5.61,-9.95,20
2026-05-06,300170,300170,汉得信息,汉得信息,汉得信息 孤岛反转,2026-05-07,2026-06-04,22.48,18.36,-18.33,20
2026-05-06,002698,002698,博实股份,博实股份,博实股份 孤岛反转,2026-05-07,2026-06-04,13.68,11.87,-13.23,20
2026-05-06,300456,300456,赛微电子,赛微电子,赛微电子 孤岛反转,2026-05-07,2026-06-04,51.95,44.92,-13.53,20
2026-05-06,688027,688027,国盾量子,国盾量子,国盾量子 孤岛反转,2026-05-07,2026-06-04,596.77,558.5,-6.41,20
2026-05-06,300520,300520,科大国创,科大国创,科大国创 孤岛反转,2026-05-07,2026-06-04,37.03,33.46,-9.64,20
2026-05-08,601868,601868,中国能建,中国能建,中国能建 孤岛反转,2026-05-11,2026-06-08,3.23,2.8,-13.31,20
2026-05-08,920180,920180,爱得科技,爱得科技,爱得科技 孤岛反转,2026-05-11,2026-06-08,15.79,14.3,-9.44,20
2026-05-11,300546,300546,雄帝科技,雄帝科技,雄帝科技 孤岛反转,2026-05-12,2026-06-09,22.75,16.64,-26.86,20
2026-05-11,601609,601609,金田股份,金田股份,金田股份 孤岛反转,2026-05-12,2026-06-09,11.89,12.24,2.94,20
2026-05-11,603881,603881,数据港,数据港,数据港 孤岛反转,2026-05-12,2026-06-09,34.96,28.53,-18.39,20
2026-05-11,601965,601965,中国汽研,中国汽研,中国汽研 孤岛反转,2026-05-12,2026-06-09,16.2,14.57,-10.06,20
2026-05-12,001207,001207,联科科技,联科科技,联科科技 孤岛反转,2026-05-13,2026-06-10,20.14,17.75,-11.87,20
2026-05-13,920670,920670,数字人,数字人,数字人 孤岛反转,2026-05-14,2026-06-11,16.72,13.5,-19.26,20
2026-05-14,920429,920429,康比特,康比特,康比特 孤岛反转,2026-05-15,2026-06-12,13.01,10.34,-20.52,20
2026-05-14,920469,920469,富恒新材,富恒新材,富恒新材 孤岛反转,2026-05-15,2026-06-12,8.5,6.89,-18.94,20
2026-05-18,600339,600339,中油工程,中油工程,中油工程 孤岛反转,2026-05-19,2026-06-16,4.19,3.29,-21.48,20
2026-05-18,301008,301008,宏昌科技,宏昌科技,宏昌科技 孤岛反转,2026-05-19,2026-06-16,31.86,25.47,-20.06,20
2026-05-18,920088,920088,科力股份,科力股份,科力股份 孤岛反转,2026-05-19,2026-06-16,43.97,39.72,-9.67,20
2026-05-18,603363,603363,傲农生物,傲农生物,傲农生物 孤岛反转,2026-05-19,2026-06-16,3.56,2.94,-17.42,20
2026-05-19,600850,600850,电科数字,电科数字,电科数字 孤岛反转,2026-05-20,2026-06-17,19.03,16.43,-13.66,20
2026-05-20,002246,002246,北化股份,北化股份,北化股份 孤岛反转,2026-05-21,2026-06-18,24.64,20.13,-18.3,20
2026-05-21,000050,000050,深天马Ａ,深天马Ａ,深天马Ａ 孤岛反转,2026-05-22,2026-06-22,7.68,9.28,20.83,20
2026-05-21,000728,000728,国元证券,国元证券,国元证券 孤岛反转,2026-05-22,2026-06-22,7.23,7.28,0.69,20
2026-05-21,300940,300940,南极光,南极光,南极光 孤岛反转,2026-05-22,2026-06-22,20.51,16.0,-21.99,20
2026-05-22,002703,002703,浙江世宝,浙江世宝,浙江世宝 孤岛反转,2026-05-25,2026-06-23,21.01,15.65,-25.51,20
2026-05-22,603232,603232,格尔软件,格尔软件,格尔软件 孤岛反转,2026-05-25,2026-06-23,20.0,17.14,-14.3,20
2026-05-25,000510,000510,新金路,新金路,新金路 孤岛反转,2026-05-26,2026-06-24,16.55,24.53,48.22,20
2026-05-25,605259,605259,绿田机械,绿田机械,绿田机械 孤岛反转,2026-05-26,2026-06-24,19.27,18.12,-5.97,20
2026-05-25,688330,688330,宏力达,宏力达,宏力达 孤岛反转,2026-05-26,2026-06-24,40.5,36.66,-9.48,20
2026-05-25,000630,000630,铜陵有色,铜陵有色,铜陵有色 孤岛反转,2026-05-26,2026-06-24,6.65,6.94,4.36,20
2026-05-25,601717,601717,中创智领,中创智领,中创智领 孤岛反转,2026-05-26,2026-06-24,18.25,15.03,-17.64,20
2026-05-26,603103,603103,横店影视,横店影视,横店影视 孤岛反转,2026-05-27,2026-06-25,21.4,14.9,-30.37,20
2026-05-26,301050,301050,雷电微力,雷电微力,雷电微力 孤岛反转,2026-05-27,2026-06-25,40.27,33.49,-16.84,20
2026-05-27,002771,002771,真视通,真视通,真视通 孤岛反转,2026-05-28,2026-06-26,16.87,12.53,-25.73,20
2026-05-29,002535,002535,林州重机,林州重机,林州重机 孤岛反转,2026-06-01,2026-06-30,2.61,2.2,-15.71,20
2026-05-29,920943,920943,优机股份,优机股份,优机股份 孤岛反转,2026-06-01,2026-06-30,14.69,13.04,-11.23,20
2026-05-29,000401,000401,金隅冀东,金隅冀东,金隅冀东 孤岛反转,2026-06-01,2026-06-30,3.97,3.34,-15.87,20
2026-05-29,603529,603529,爱玛科技,爱玛科技,爱玛科技 孤岛反转,2026-06-01,2026-06-30,21.56,19.51,-9.51,20
2026-06-01,301035,301035,润丰股份,润丰股份,润丰股份 孤岛反转,2026-06-02,2026-07-01,54.58,46.81,-14.24,20
2026-06-02,002637,002637,赞宇科技,赞宇科技,赞宇科技 孤岛反转,2026-06-03,2026-07-02,12.58,11.0,-12.56,20
2026-06-02,600797,600797,浙大网新,浙大网新,浙大网新 孤岛反转,2026-06-03,2026-07-02,7.84,6.43,-17.98,20
2026-06-02,000737,000737,北方铜业,北方铜业,北方铜业 孤岛反转,2026-06-03,2026-07-02,14.94,13.12,-12.18,20
2026-06-03,001280,001280,中国铀业,中国铀业,中国铀业 孤岛反转,2026-06-04,2026-07-03,71.52,66.05,-7.65,20
2026-06-03,920580,920580,科创新材,科创新材,科创新材 孤岛反转,2026-06-04,2026-07-03,12.97,11.2,-13.65,20
2026-06-03,688597,688597,煜邦电力,煜邦电力,煜邦电力 孤岛反转,2026-06-04,2026-07-03,9.22,7.07,-23.32,20
2026-06-04,300516,300516,久之洋,久之洋,久之洋 孤岛反转,2026-06-05,2026-07-06,41.8,34.54,-17.37,20
2026-06-04,002965,002965,祥鑫科技,祥鑫科技,祥鑫科技 孤岛反转,2026-06-05,2026-07-06,36.47,54.31,48.92,20
2026-06-09,001696,001696,宗申动力,宗申动力,宗申动力 孤岛反转,2026-06-10,2026-07-09,17.84,19.07,6.89,20
2026-06-10,920271,920271,邦德股份,邦德股份,邦德股份 孤岛反转,2026-06-11,2026-07-10,12.93,9.54,-26.22,20
2026-06-10,001696,001696,宗申动力,宗申动力,宗申动力 孤岛反转,2026-06-11,2026-07-10,18.82,18.62,-1.06,20
2026-06-10,300674,300674,宇信科技,宇信科技,宇信科技 孤岛反转,2026-06-11,2026-07-10,16.35,14.73,-9.91,20
2026-06-10,603002,603002,宏昌电子,宏昌电子,宏昌电子 孤岛反转,2026-06-11,2026-07-10,18.33,19.0,3.66,20
2026-06-10,688041,688041,海光信息,海光信息,海光信息 孤岛反转,2026-06-11,2026-07-10,282.25,353.0,25.07,20
2026-06-11,000422,000422,湖北宜化,湖北宜化,湖北宜化 孤岛反转,2026-06-12,2026-07-13,13.27,12.59,-5.12,20
2026-06-11,002490,002490,山东墨龙,山东墨龙,山东墨龙 孤岛反转,2026-06-12,2026-07-13,8.03,8.26,2.86,20
2026-06-12,301656,301656,联合动力,联合动力,联合动力 孤岛反转,2026-06-15,2026-07-14,19.02,17.08,-10.2,20
2026-06-12,600711,600711,盛屯矿业,盛屯矿业,盛屯矿业 孤岛反转,2026-06-15,2026-07-14,13.07,10.48,-19.82,20
2026-06-12,688010,688010,福光股份,福光股份,福光股份 孤岛反转,2026-06-15,2026-07-14,45.6,34.62,-24.08,20
2026-06-12,002597,002597,金禾实业,金禾实业,金禾实业 孤岛反转,2026-06-15,2026-07-14,22.29,19.98,-10.36,20
2026-06-12,600029,600029,南方航空,南方航空,南方航空 孤岛反转,2026-06-15,2026-07-14,5.54,5.04,-9.03,20
2026-06-12,000737,000737,北方铜业,北方铜业,北方铜业 孤岛反转,2026-06-15,2026-07-14,13.94,12.39,-11.12,20
2026-06-12,000878,000878,云南铜业,云南铜业,云南铜业 孤岛反转,2026-06-15,2026-07-14,17.47,15.33,-12.25,20
2026-06-15,002088,002088,鲁阳节能,鲁阳节能,鲁阳节能 孤岛反转,2026-06-16,2026-07-15,8.8,7.41,-15.8,20
2026-06-15,002985,002985,北摩高科,北摩高科,北摩高科 孤岛反转,2026-06-16,2026-07-15,30.97,24.88,-19.66,20
2026-06-15,601021,601021,春秋航空,春秋航空,春秋航空 孤岛反转,2026-06-16,2026-07-15,47.86,45.49,-4.95,20
2026-06-15,300848,300848,美瑞新材,美瑞新材,美瑞新材 孤岛反转,2026-06-16,2026-07-15,15.37,12.6,-18.02,20
2026-06-15,000751,000751,锌业股份,锌业股份,锌业股份 孤岛反转,2026-06-16,2026-07-15,5.3,4.58,-13.58,20
2026-06-15,000737,000737,北方铜业,北方铜业,北方铜业 孤岛反转,2026-06-16,2026-07-15,14.64,12.61,-13.87,20
2026-06-16,300014,300014,亿纬锂能,亿纬锂能,亿纬锂能 孤岛反转,2026-06-17,2026-07-16,66.5,51.61,-22.39,20
2026-06-16,000733,000733,振华科技,振华科技,振华科技 孤岛反转,2026-06-17,2026-07-16,55.72,41.42,-25.66,20
2026-06-17,300099,300099,尤洛卡,尤洛卡,尤洛卡 孤岛反转,2026-06-18,2026-07-17,7.83,5.71,-27.08,20
2026-06-17,300040,300040,九洲集团,九洲集团,九洲集团 孤岛反转,2026-06-18,2026-07-17,6.79,5.78,-14.87,20
2026-06-18,301363,301363,美好医疗,美好医疗,美好医疗 孤岛反转,2026-06-22,2026-07-20,19.68,16.29,-17.23,20
2026-06-22,600769,600769,祥龙电业,祥龙电业,祥龙电业 孤岛反转,2026-06-23,2026-07-21,21.72,13.5,-37.85,20
2026-06-22,688515,688515,裕太微,裕太微,裕太微 孤岛反转,2026-06-23,2026-07-21,260.97,140.48,-46.17,20
2026-06-23,603339,603339,四方科技,四方科技,四方科技 孤岛反转,2026-06-24,2026-07-22,14.22,11.0,-22.64,20
2026-06-23,000751,000751,锌业股份,锌业股份,锌业股份 孤岛反转,2026-06-24,2026-07-22,5.74,4.35,-24.22,20
2026-06-23,920223,920223,荣亿精密,荣亿精密,荣亿精密 孤岛反转,2026-06-24,2026-07-22,14.59,10.69,-26.73,20
2026-06-23,002312,002312,川发龙蟒,川发龙蟒,川发龙蟒 孤岛反转,2026-06-24,2026-07-22,9.5,8.1,-14.74,20
2026-06-23,600379,600379,宝光股份,宝光股份,宝光股份 孤岛反转,2026-06-24,2026-07-22,13.88,10.47,-24.57,20
2026-06-23,603232,603232,格尔软件,格尔软件,格尔软件 孤岛反转,2026-06-24,2026-07-22,16.85,13.09,-22.31,20
2026-06-24,002580,002580,圣阳股份,圣阳股份,圣阳股份 孤岛反转,2026-06-25,2026-07-23,25.99,16.13,-37.94,20
2026-06-26,688349,688349,三一重能,三一重能,三一重能 孤岛反转,2026-06-29,2026-07-27,14.03,14.57,3.85,20
2026-06-29,000521,000521,长虹美菱,长虹美菱,长虹美菱 孤岛反转,2026-06-30,2026-07-28,5.36,4.84,-9.7,20
2026-06-30,001237,001237,惠康科技,惠康科技,惠康科技 孤岛反转,2026-07-01,2026-07-29,73.56,52.85,-28.15,20
2026-06-30,301680,301680,固德电材,固德电材,固德电材 孤岛反转,2026-07-01,2026-07-29,118.81,87.9,-26.02,20
2026-07-01,000603,000603,盛达资源,盛达资源,盛达资源 孤岛反转,2026-07-02,2026-07-30,26.62,24.07,-9.58,20
2026-07-02,920021,920021,流金科技,流金科技,流金科技 孤岛反转,2026-07-03,2026-07-31,7.45,7.25,-2.68,20
2026-07-06,600749,600749,西藏旅游,西藏旅游,西藏旅游 孤岛反转,2026-07-07,2026-08-04,14.7,13.9,-5.44,20
2026-07-07,603538,603538,美诺华,美诺华,美诺华 孤岛反转,2026-07-08,2026-08-05,30.97,27.57,-10.98,20
2026-07-08,920010,920010,凯添燃气,凯添燃气,凯添燃气 孤岛反转,2026-07-09,2026-08-06,8.07,8.68,7.56,20
2026-07-08,920088,920088,科力股份,科力股份,科力股份 孤岛反转,2026-07-09,2026-08-06,37.1,46.22,24.58,20
2026-07-08,002490,002490,山东墨龙,山东墨龙,山东墨龙 孤岛反转,2026-07-09,2026-08-06,7.36,7.67,4.21,20
2026-07-09,002490,002490,山东墨龙,山东墨龙,山东墨龙 孤岛反转,2026-07-10,2026-08-07,7.31,7.77,6.29,20
2026-07-09,920088,920088,科力股份,科力股份,科力股份 孤岛反转,2026-07-10,2026-08-07,36.0,45.78,27.17,20
2026-07-10,002208,002208,合肥城建,合肥城建,合肥城建 孤岛反转,2026-07-13,2026-08-10,18.51,11.4,-38.41,20
2026-07-10,002902,002902,铭普光磁,铭普光磁,铭普光磁 孤岛反转,2026-07-13,2026-08-10,26.63,24.18,-9.2,20
2026-07-13,600821,600821,金开新能,金开新能,金开新能 孤岛反转,2026-07-14,2026-08-11,6.3,6.52,3.49,20
2026-07-13,601139,601139,深圳燃气,深圳燃气,深圳燃气 孤岛反转,2026-07-14,2026-08-11,6.04,6.32,4.64,20
2026-07-13,600085,600085,同仁堂,同仁堂,同仁堂 孤岛反转,2026-07-14,2026-08-11,24.25,24.89,2.64,20
2026-07-14,603393,603393,新天然气,新天然气,新天然气 孤岛反转,2026-07-15,2026-08-12,23.7,24.93,5.19,20
2026-07-14,000968,000968,蓝焰控股,蓝焰控股,蓝焰控股 孤岛反转,2026-07-15,2026-08-12,6.96,7.05,1.29,20
2026-07-15,002243,002243,力合科创,力合科创,力合科创 孤岛反转,2026-07-16,2026-08-13,6.89,7.46,8.27,20
2026-07-15,300628,300628,亿联网络,亿联网络,亿联网络 孤岛反转,2026-07-16,2026-08-13,36.6,39.48,7.87,20
2026-07-15,002379,002379,宏桥控股,宏桥控股,宏桥控股 孤岛反转,2026-07-16,2026-08-13,18.19,20.2,11.05,20
2026-07-15,601995,601995,中金公司,中金公司,中金公司 孤岛反转,2026-07-16,2026-08-13,37.36,35.37,-5.33,20
2026-07-16,688166,688166,博瑞医药,博瑞医药,博瑞医药 孤岛反转,2026-07-17,2026-08-14,40.31,40.34,0.07,20
2026-07-16,000504,000504,南华生物,南华生物,南华生物 孤岛反转,2026-07-17,2026-08-14,9.19,8.84,-3.81,20
2026-07-16,600199,600199,金种子酒,金种子酒,金种子酒 孤岛反转,2026-07-17,2026-08-14,7.19,7.68,6.82,20
2026-07-16,603949,603949,雪龙集团,雪龙集团,雪龙集团 孤岛反转,2026-07-17,2026-08-14,14.2,14.22,0.14,20
2026-07-16,688255,688255,凯尔达,凯尔达,凯尔达 孤岛反转,2026-07-17,2026-08-14,27.42,26.37,-3.83,20
2026-07-20,600644,600644,乐山电力,乐山电力,乐山电力 孤岛反转,2026-07-21,2026-08-18,9.85,9.13,-7.31,20
2026-07-20,600744,600744,华银电力,华银电力,华银电力 孤岛反转,2026-07-21,2026-08-18,7.0,6.76,-3.43,20
2026-07-20,001258,001258,立新能源,立新能源,立新能源 孤岛反转,2026-07-21,2026-08-18,10.01,13.35,33.37,20
2026-07-21,001258,001258,立新能源,立新能源,立新能源 孤岛反转,2026-07-22,2026-08-19,10.9,12.02,10.28,20
2026-07-22,000426,000426,兴业银锡,兴业银锡,兴业银锡 孤岛反转,2026-07-23,2026-08-20,32.3,38.56,19.38,20
2026-07-23,300651,300651,金陵体育,金陵体育,金陵体育 孤岛反转,2026-07-24,2026-08-21,17.0,17.11,0.65,20
2026-07-23,600158,600158,中体产业,中体产业,中体产业 孤岛反转,2026-07-24,2026-08-21,6.89,6.87,-0.29,20
2026-07-23,000603,000603,盛达资源,盛达资源,盛达资源 孤岛反转,2026-07-24,2026-08-21,23.99,36.61,52.61,20
2026-07-23,603629,603629,利通电子,利通电子,利通电子 孤岛反转,2026-07-24,2026-08-21,114.0,125.97,10.5,20
2026-07-24,000595,000595,新能股份,新能股份,新能股份 孤岛反转,2026-07-27,2026-08-24,5.46,5.64,3.3,20
2026-07-24,920222,920222,益坤电气,益坤电气,益坤电气 孤岛反转,2026-07-27,2026-08-24,27.8,24.68,-11.22,20
2026-07-24,601678,601678,滨化股份,滨化股份,滨化股份 孤岛反转,2026-07-27,2026-08-24,6.72,6.33,-5.8,20
2026-07-28,300293,300293,蓝英装备,蓝英装备,蓝英装备 孤岛反转,2026-07-29,2026-08-26,15.82,15.95,0.82,20
2026-07-28,920509,920509,同惠电子,同惠电子,同惠电子 孤岛反转,2026-07-29,2026-08-26,19.4,19.73,1.7,20
2026-07-28,600775,600775,南京熊猫,南京熊猫,南京熊猫 孤岛反转,2026-07-29,2026-08-26,9.9,9.53,-3.74,20
2026-07-28,002387,002387,维信诺,维信诺,维信诺 孤岛反转,2026-07-29,2026-08-26,6.72,7.11,5.8,20
2026-07-28,300341,300341,麦克奥迪,麦克奥迪,麦克奥迪 孤岛反转,2026-07-29,2026-08-26,12.33,13.22,7.22,20
2026-07-28,002549,002549,凯美特气,凯美特气,凯美特气 孤岛反转,2026-07-29,2026-08-26,13.53,13.62,0.67,20
2026-07-29,600895,600895,张江高科,张江高科,张江高科 孤岛反转,2026-07-30,2026-08-27,30.09,30.68,1.96,20
2026-07-30,301626,301626,苏州天脉,苏州天脉,苏州天脉 孤岛反转,2026-07-31,2026-08-28,228.26,258.84,13.4,20
