code,name,gap_down_date,gap_down_prev_low,gap_down_high,gap_down_pct,gap_up_date,gap_up_prev_high,gap_up_low,gap_up_pct,island_days,island_max_high,volume_ratio,gap_up_volume,gap_up_close
001232,嘉立创,2026-08-19,167.51,165.37,1.28,2026-08-28,162.03,165.97,2.43,7,165.37,2.63,13931195,175.01
920021,流金科技,2026-08-14,7.36,7.28,1.09,2026-08-28,6.7,6.72,0.3,10,7.28,2.44,15898708,6.81
920207,众诚科技,2026-08-21,21.23,20.62,2.87,2026-08-28,21.15,21.6,2.13,5,21.15,2.33,3398309,21.6
300475,香农芯创,2026-08-19,169.55,166.0,2.09,2026-08-28,165.64,166.04,0.24,7,166.0,2.2,42824015,172.1
002636,金安国纪,2026-07-20,80.6,78.99,2.0,2026-08-28,69.41,72.0,3.73,29,78.99,2.12,95212222,73.18
301566,达利凯普,2026-08-19,26.94,26.88,0.22,2026-08-28,25.68,26.08,1.56,7,26.88,2.03,31707293,26.13
688183,生益电子,2026-08-19,112.77,111.8,0.86,2026-08-27,107.99,109.1,1.03,6,111.8,2.95,34870256,121.69
688008,澜起科技,2026-08-19,216.39,210.81,2.58,2026-08-27,202.03,202.79,0.38,6,210.81,2.49,67268834,221.22
920396,常辅股份,2026-08-19,20.51,20.5,0.05,2026-08-26,19.26,19.91,3.37,5,20.5,3.12,3000985,19.91
301031,中熔电气,2026-07-16,94.54,91.24,3.49,2026-08-26,90.64,94.74,4.52,29,94.44,2.97,6255997,96.0
301137,哈焊华通,2026-08-19,34.13,33.73,1.17,2026-08-26,30.27,31.37,3.63,5,33.73,2.71,10028517,31.72
301082,久盛电气,2026-08-14,10.56,10.55,0.09,2026-08-26,9.58,9.65,0.73,8,10.55,2.65,19729740,9.65
300963,中洲特材,2026-08-19,11.73,11.69,0.34,2026-08-26,11.48,11.53,0.44,5,11.69,2.56,15448837,11.59
002132,恒星科技,2026-07-13,5.42,5.38,0.74,2026-08-24,4.83,5.03,4.14,30,5.38,3.04,212438097,5.2
000712,锦龙股份,2026-08-17,9.28,9.27,0.11,2026-08-24,8.61,8.77,1.86,5,9.27,2.65,64388156,9.06
002785,万里石,2026-08-19,34.77,34.66,0.32,2026-08-24,32.87,32.9,0.09,3,34.66,2.48,9935787,34.36
688419,耐科装备,2026-07-16,58.17,58.15,0.03,2026-08-24,49.87,50.61,1.48,27,58.15,2.19,10806241,56.78
688676,金盘科技,2026-08-19,72.6,71.5,1.52,2026-08-21,69.2,70.68,2.14,2,71.5,2.77,36840280,76.0
605133,嵘泰股份,2026-07-16,31.21,31.07,0.45,2026-08-18,27.84,27.98,0.5,23,31.07,3.33,17399806,29.02
301286,侨源股份,2026-07-07,56.79,56.76,0.05,2026-08-18,43.49,43.71,0.51,30,56.76,2.33,3656468,45.47
603936,博敏电子,2026-07-13,19.35,19.3,0.26,2026-08-18,17.38,18.14,4.37,26,19.3,2.2,98289701,19.12
000725,京东方Ａ,2026-07-13,7.59,7.41,2.37,2026-08-18,6.08,6.09,0.16,26,7.41,2.17,3242584483,6.47
601116,三江购物,2026-08-14,10.8,10.79,0.09,2026-08-18,10.7,10.76,0.56,2,10.79,2.1,24174828,11.77
301419,阿莱德,2026-07-13,38.17,37.92,0.65,2026-08-17,37.62,39.54,5.1,25,37.92,4.15,19617961,41.55
688628,优利德,2026-07-16,77.06,76.59,0.61,2026-08-17,70.55,70.84,0.41,22,76.59,2.17,6239594,76.48
300751,迈为股份,2026-07-13,267.0,264.99,0.75,2026-08-17,178.58,179.73,0.64,25,264.99,2.14,7574716,187.06
300548,长芯博创,2026-07-16,211.18,209.7,0.7,2026-08-17,194.68,199.99,2.73,22,209.7,2.06,21237792,219.0
301419,阿莱德,2026-07-13,38.17,37.92,0.65,2026-08-14,32.82,33.5,2.07,24,37.92,3.86,12204290,37.62
300394,天孚通信,2026-07-16,258.88,257.01,0.72,2026-08-13,248.5,250.1,0.64,20,257.01,5.82,64679462,257.16
688635,长进光子,2026-07-13,390.0,388.0,0.51,2026-08-13,300.02,308.0,2.66,23,388.0,2.04,5424264,311.9
603328,依顿电子,2026-07-13,10.89,10.82,0.64,2026-08-10,10.85,11.21,3.32,20,10.85,5.1,81263997,11.42
600283,钱江水利,2026-07-13,8.22,7.93,3.53,2026-08-10,7.94,7.95,0.13,20,8.05,2.14,6151278,8.06
002194,武汉凡谷,2026-06-29,10.49,10.29,1.91,2026-08-07,10.09,10.46,3.67,29,10.29,3.14,61547952,11.1
600397,江钨装备,2026-07-07,23.09,22.61,2.08,2026-08-07,16.89,17.21,1.89,23,22.61,2.84,215532289,18.41
301251,威尔高,2026-07-13,51.95,51.38,1.1,2026-08-07,39.83,40.0,0.43,19,51.38,2.81,23934246,46.58
002446,盛路通信,2026-07-14,9.47,9.35,1.27,2026-08-07,8.95,8.98,0.34,18,9.35,2.36,81802969,9.2
002428,云南锗业,2026-07-13,100.0,98.2,1.8,2026-08-07,90.98,95.5,4.97,19,98.2,2.12,119307696,100.08
920136,永励精密,2026-07-13,25.5,24.48,4.0,2026-08-06,21.4,21.43,0.14,18,24.48,2.79,6834349,22.54
002194,武汉凡谷,2026-06-29,10.49,10.29,1.91,2026-08-06,9.24,9.29,0.54,28,10.29,2.78,40527645,10.09
002842,翔鹭钨业,2026-07-07,40.64,40.6,0.1,2026-08-06,34.56,35.27,2.05,22,40.6,2.36,73543627,36.98
001267,汇绿生态,2026-07-02,50.38,50.22,0.32,2026-08-06,35.28,35.35,0.2,25,50.22,2.31,74291620,38.81
600367,红星发展,2026-07-13,41.11,41.08,0.07,2026-08-06,29.92,29.96,0.13,18,41.08,2.23,58100374,31.49
301026,浩通科技,2026-07-07,19.81,19.72,0.45,2026-08-05,18.1,18.68,3.2,21,19.72,6.11,27091865,21.49
920505,九菱科技,2026-07-08,30.1,30.0,0.33,2026-08-05,24.69,26.25,6.32,20,30.0,5.99,3432795,28.81
002792,通宇通讯,2026-07-14,30.96,29.5,4.72,2026-08-05,28.75,29.81,3.69,16,29.72,4.22,74028069,30.74
920061,西磁科技,2026-07-08,19.73,19.72,0.05,2026-08-05,16.93,17.48,3.25,20,19.72,3.57,3232414,17.87
920807,奔朗新材,2026-07-13,10.84,10.77,0.65,2026-08-05,8.92,9.25,3.7,17,10.77,3.4,7132910,9.43
300698,万马科技,2026-06-26,28.87,28.7,0.59,2026-08-05,25.55,26.0,1.76,28,28.7,3.3,94314,26.36
600410,华胜天成,2026-06-24,18.29,18.14,0.82,2026-08-05,15.62,15.81,1.22,30,18.14,3.21,214229595,16.15
301488,豪恩汽电,2026-07-13,116.49,115.78,0.61,2026-08-05,103.0,108.15,5.0,17,115.78,3.17,3958247,113.0
920092,汉鑫科技,2026-06-24,30.88,30.86,0.06,2026-08-05,30.43,31.01,1.91,30,30.86,3.17,10872451,37.44
600666,奥瑞德,2026-06-26,4.47,4.37,2.24,2026-08-05,3.78,3.82,1.06,28,4.37,3.01,351987727,3.93
600459,贵研铂业,2026-07-13,21.52,21.51,0.05,2026-08-05,19.16,19.76,3.13,17,21.51,2.51,46076386,20.73
001388,信通电子,2026-07-22,24.05,21.65,9.98,2026-08-05,22.42,22.9,2.14,10,23.82,2.47,17811153,23.41
600397,江钨装备,2026-07-07,23.09,22.61,2.08,2026-08-05,13.95,13.98,0.22,21,22.61,2.09,146544356,15.35
600111,北方稀土,2026-07-09,46.0,45.98,0.04,2026-08-05,40.59,41.2,1.5,19,45.98,2.07,95234270,41.77
002361,神剑股份,2026-07-14,11.46,11.07,3.4,2026-08-04,10.09,10.15,0.59,15,11.07,4.0,231774739,11.1
300052,中青宝,2026-07-03,13.02,12.91,0.84,2026-08-04,10.05,10.07,0.2,22,12.91,3.41,50381473,12.05
002693,双成药业,2026-07-20,9.47,9.4,0.74,2026-08-04,8.79,8.88,1.02,11,9.4,2.11,29281740,9.67
605123,派克新材,2026-07-14,84.87,83.99,1.04,2026-08-04,79.8,79.99,0.24,15,83.99,2.09,3710820,81.53
301120,新特电气,2026-06-26,18.73,18.49,1.28,2026-08-03,14.35,14.55,1.39,26,18.49,3.26,29493975,15.5
600580,卧龙电驱,2026-07-08,35.81,35.5,0.87,2026-08-03,31.69,32.0,0.98,18,35.5,2.99,106692247,34.51
601118,海南橡胶,2026-06-25,5.3,5.25,0.94,2026-08-03,4.99,5.02,0.6,27,5.25,2.14,96980882,5.2
600580,卧龙电驱,2026-07-08,35.81,35.5,0.87,2026-07-31,29.54,30.33,2.67,17,35.5,2.7,70232760,31.69
688158,优刻得,2026-07-24,30.23,30.17,0.2,2026-07-31,28.25,28.28,0.11,5,30.17,2.62,43883451,30.77
688777,中控技术,2026-07-13,105.88,105.0,0.83,2026-07-31,83.29,84.08,0.95,14,105.0,2.26,34160447,93.12
301626,苏州天脉,2026-07-16,300.2,298.05,0.72,2026-07-30,208.12,208.84,0.35,10,298.05,2.24,3915276,211.3
600895,张江高科,2026-07-15,34.66,33.52,3.29,2026-07-29,31.04,31.05,0.03,10,33.52,5.3,90372233,31.35
300293,蓝英装备,2026-07-13,17.8,17.66,0.79,2026-07-28,14.6,15.71,7.6,11,17.66,6.44,306335,16.95
920509,同惠电子,2026-07-13,23.8,23.66,0.59,2026-07-28,18.7,19.41,3.8,11,23.66,3.13,5999639,19.9
600775,南京熊猫,2026-06-25,10.47,10.39,0.76,2026-07-28,9.41,9.7,3.08,23,10.39,2.63,56707574,10.35
002387,维信诺,2026-07-15,7.31,7.1,2.87,2026-07-28,6.27,6.28,0.16,9,7.1,2.4,28865988,6.86
300341,麦克奥迪,2026-06-25,14.99,14.51,3.2,2026-07-28,11.92,11.99,0.59,23,14.51,2.23,108290,12.41
002549,凯美特气,2026-07-15,16.09,15.43,4.1,2026-07-28,13.68,13.71,0.22,9,15.43,2.1,66046769,14.01
000595,新能股份,2026-07-08,5.86,5.85,0.17,2026-07-24,5.52,5.81,5.25,12,5.85,6.28,120483185,6.07
920222,益坤电气,2026-07-07,29.32,29.28,0.14,2026-07-24,28.6,28.83,0.8,13,29.28,3.62,8154144,31.6
601678,滨化股份,2026-07-06,6.93,6.79,2.02,2026-07-24,6.22,6.46,3.86,14,6.79,3.08,515475010,6.54
300651,金陵体育,2026-06-11,22.93,22.7,1.0,2026-07-23,16.26,16.51,1.54,29,22.7,2.89,202510,17.35
600158,中体产业,2026-06-11,9.31,9.27,0.43,2026-07-23,6.54,6.6,0.92,29,9.27,2.61,102024522,6.88
000603,盛达资源,2026-07-07,24.12,24.01,0.46,2026-07-23,22.57,22.86,1.28,12,24.01,2.1,69170347,24.83
603629,利通电子,2026-06-26,146.75,146.33,0.29,2026-07-23,118.34,119.33,0.84,19,146.33,2.0,64837306,120.68
000426,兴业银锡,2026-07-17,29.83,29.65,0.6,2026-07-22,29.62,30.59,3.27,3,29.65,2.01,112602470,31.73
001258,立新能源,2026-06-08,9.89,9.61,2.83,2026-07-21,9.1,9.55,4.95,30,9.61,3.59,158971100,10.01
600644,乐山电力,2026-06-11,10.13,10.06,0.69,2026-07-20,9.01,9.06,0.55,26,10.1,3.38,69210540,9.91
600744,华银电力,2026-07-06,6.3,6.2,1.59,2026-07-20,5.96,6.1,2.35,10,6.2,3.19,174373548,6.56
001258,立新能源,2026-06-08,9.89,9.61,2.83,2026-07-20,8.27,8.4,1.57,29,9.61,2.74,82136135,9.1
688166,博瑞医药,2026-06-22,39.85,38.0,4.64,2026-07-16,35.44,36.29,2.4,18,38.74,5.31,48393823,42.5
000504,南华生物,2026-06-04,9.44,9.43,0.11,2026-07-16,8.51,8.71,2.35,28,9.43,3.49,28736201,9.36
600199,金种子酒,2026-06-03,8.18,8.15,0.37,2026-07-16,6.94,6.99,0.72,30,8.15,3.27,60660882,7.29
603949,雪龙集团,2026-07-15,15.29,13.76,10.01,2026-07-16,13.76,13.96,1.45,1,13.76,2.92,19735151,14.7
688255,凯尔达,2026-07-13,25.8,25.75,0.19,2026-07-16,24.34,25.22,3.62,3,25.75,2.78,10209826,26.82
002243,力合科创,2026-06-10,7.88,7.64,3.05,2026-07-15,6.85,7.01,2.34,24,7.64,4.78,56527127,7.01
300628,亿联网络,2026-06-08,38.34,38.05,0.76,2026-07-15,33.96,35.53,4.62,26,38.05,2.69,255070,37.49
002379,宏桥控股,2026-06-08,18.55,18.2,1.89,2026-07-15,17.49,17.62,0.74,26,18.53,2.57,126442159,18.66
601995,中金公司,2026-07-13,36.11,36.07,0.11,2026-07-15,35.44,35.51,0.2,2,36.07,2.54,79051480,38.34
603393,新天然气,2026-06-17,26.55,26.48,0.26,2026-07-14,23.05,23.15,0.43,18,26.48,2.42,18362744,24.18
000968,蓝焰控股,2026-06-09,7.22,7.14,1.11,2026-07-14,6.52,6.57,0.77,24,7.18,2.07,67322378,7.04
600821,金开新能,2026-06-08,8.01,7.98,0.37,2026-07-13,6.11,6.17,0.98,24,7.98,3.69,2194724,6.36
601139,深圳燃气,2026-06-08,6.23,6.22,0.16,2026-07-13,5.89,5.96,1.19,24,6.22,2.68,39923980,6.06
600085,同仁堂,2026-06-03,25.1,25.05,0.2,2026-07-13,23.81,23.84,0.13,27,25.05,2.44,22858971,24.53
002208,合肥城建,2026-07-02,20.08,19.9,0.9,2026-07-10,19.12,19.4,1.46,6,19.98,2.56,134742961,19.43
002902,铭普光磁,2026-06-24,32.53,31.84,2.12,2026-07-10,26.66,26.67,0.04,12,31.84,2.14,33813080,27.42
002490,山东墨龙,2026-06-18,7.41,7.29,1.62,2026-07-09,6.97,7.16,2.73,14,7.29,3.35,91465701,7.67
920088,科力股份,2026-06-17,39.47,39.26,0.53,2026-07-09,36.0,36.6,1.67,15,39.26,3.34,10475514,38.99
920010,凯添燃气,2026-06-12,10.71,10.53,1.68,2026-07-08,7.7,7.74,0.52,17,10.53,2.82,12042648,7.76
920088,科力股份,2026-06-25,34.99,34.57,1.2,2026-07-08,32.89,33.0,0.33,9,34.57,2.81,6654001,34.84
002490,山东墨龙,2026-06-18,7.41,7.29,1.62,2026-07-08,6.45,6.55,1.55,13,7.29,2.42,51720734,6.97
603538,美诺华,2026-05-25,35.22,34.99,0.65,2026-07-07,30.37,30.38,0.03,30,34.99,2.09,79985024,31.09
600749,西藏旅游,2026-06-16,15.7,15.68,0.13,2026-07-06,14.08,14.42,2.41,13,15.68,2.57,15932000,14.95
920021,流金科技,2026-06-11,9.03,8.95,0.89,2026-07-02,7.25,7.4,2.07,14,8.95,2.93,32969590,7.69
000603,盛达资源,2026-06-24,24.8,24.75,0.2,2026-07-01,23.1,23.57,2.03,5,24.75,2.06,51778772,25.41
001237,惠康科技,2026-06-03,70.67,69.97,0.99,2026-06-30,65.2,66.0,1.23,18,69.97,2.52,10635994,71.72
301680,固德电材,2026-06-26,112.52,112.3,0.2,2026-06-30,105.68,110.01,4.1,2,112.3,2.08,3334964,120.99
000521,长虹美菱,2026-06-18,5.53,5.52,0.18,2026-06-29,5.08,5.22,2.76,6,5.52,4.38,37106769,5.49
688349,三一重能,2026-06-01,15.71,15.69,0.13,2026-06-26,13.72,13.83,0.8,18,15.69,2.67,29695905,14.45
002580,圣阳股份,2026-06-04,24.25,23.98,1.11,2026-06-24,23.19,23.6,1.77,13,23.98,2.07,130564405,25.51
603339,四方科技,2026-05-13,13.93,13.89,0.29,2026-06-23,13.81,13.99,1.3,28,13.89,4.07,23681003,14.36
000751,锌业股份,2026-05-15,6.14,6.09,0.81,2026-06-23,5.67,5.89,3.88,26,6.09,3.86,317005935,6.03
920223,荣亿精密,2026-06-11,16.51,16.35,0.97,2026-06-23,14.68,15.08,2.72,7,16.35,3.75,8613958,15.49
002312,川发龙蟒,2026-05-18,10.21,10.17,0.39,2026-06-23,9.26,9.56,3.24,25,10.17,3.21,108459546,9.59
600379,宝光股份,2026-05-20,15.07,15.04,0.2,2026-06-23,12.49,12.59,0.8,23,15.04,2.06,28011239,13.73
603232,格尔软件,2026-06-08,18.53,18.35,0.97,2026-06-23,16.19,16.42,1.42,10,18.35,2.02,18163508,17.14
600769,祥龙电业,2026-05-21,21.0,19.36,7.81,2026-06-22,19.16,19.5,1.77,21,19.36,2.39,46229395,21.08
688515,裕太微,2026-06-04,240.33,231.99,3.47,2026-06-22,238.8,245.66,2.87,11,238.8,2.1,10265527,271.6
301363,美好医疗,2026-05-20,21.07,20.99,0.38,2026-06-18,19.07,19.18,0.58,21,20.99,2.36,33199378,19.81
300099,尤洛卡,2026-05-26,8.62,8.6,0.23,2026-06-17,8.05,8.1,0.62,16,8.6,4.72,88156866,8.18
300040,九洲集团,2026-06-08,7.53,7.45,1.06,2026-06-17,6.59,6.88,4.4,7,7.45,2.51,80534361,6.89
300014,亿纬锂能,2026-06-04,62.73,62.0,1.16,2026-06-16,58.87,63.87,8.49,8,62.0,3.15,166540828,66.88
000733,振华科技,2026-06-08,55.57,54.13,2.59,2026-06-16,51.53,53.04,2.93,6,54.13,2.27,89568071,55.96
002088,鲁阳节能,2026-05-18,9.05,9.04,0.11,2026-06-15,8.62,8.66,0.46,20,9.04,3.6,12330698,8.85
002985,北摩高科,2026-05-12,36.05,36.01,0.11,2026-06-15,29.99,30.2,0.7,24,36.01,3.27,15754565,31.12
601021,春秋航空,2026-06-08,45.2,44.79,0.91,2026-06-15,45.18,46.84,3.67,5,45.18,2.91,23841132,47.88
300848,美瑞新材,2026-05-08,17.31,17.25,0.35,2026-06-15,14.29,14.66,2.59,26,17.25,2.87,136721,15.49
000751,锌业股份,2026-05-15,6.14,6.09,0.81,2026-06-15,5.09,5.12,0.59,21,6.09,2.48,146621134,5.39
000737,北方铜业,2026-05-15,15.19,15.04,0.99,2026-06-15,13.93,13.94,0.07,21,15.13,2.41,139370429,14.9
301656,联合动力,2026-06-10,16.83,16.71,0.71,2026-06-12,16.27,16.3,0.18,2,16.71,5.41,34691191,19.17
600711,盛屯矿业,2026-05-15,13.9,13.77,0.94,2026-06-12,11.94,12.01,0.59,20,13.77,3.93,302706918,13.0
688010,福光股份,2026-05-29,43.85,43.75,0.23,2026-06-12,39.88,41.0,2.81,10,43.75,3.25,23743301,47.84
002597,金禾实业,2026-06-03,20.77,20.75,0.1,2026-06-12,20.39,20.47,0.39,7,20.75,2.37,20485362,22.24
600029,南方航空,2026-06-11,5.05,5.04,0.2,2026-06-12,5.04,5.12,1.59,1,5.04,2.28,206179119,5.27
000737,北方铜业,2026-06-08,13.64,13.23,3.01,2026-06-12,12.81,12.94,1.01,4,13.23,2.21,107516026,13.93
000878,云南铜业,2026-06-08,17.28,16.6,3.94,2026-06-12,16.37,16.41,0.24,4,16.6,2.19,101768366,17.27
000422,湖北宜化,2026-06-03,13.74,13.72,0.15,2026-06-11,12.81,12.88,0.55,6,13.72,2.79,68120047,13.8
002490,山东墨龙,2026-05-14,9.55,9.49,0.63,2026-06-11,8.1,8.31,2.59,20,9.5,2.29,106210130,8.56
920271,邦德股份,2026-04-24,13.98,13.92,0.43,2026-06-10,11.44,12.26,7.17,30,13.92,15.57,14178554,14.79
001696,宗申动力,2026-04-27,18.65,18.29,1.93,2026-06-10,17.38,17.63,1.44,29,18.29,5.35,180835133,18.87
300674,宇信科技,2026-05-11,19.87,19.73,0.7,2026-06-10,15.85,16.16,1.96,22,19.73,2.71,227691,16.62
603002,宏昌电子,2026-06-08,16.67,15.83,5.04,2026-06-10,16.58,16.99,2.47,2,16.58,2.5,199590930,18.23
688041,海光信息,2026-06-08,272.79,267.38,1.98,2026-06-10,269.37,281.53,4.51,2,269.37,2.04,64683075,284.67
001696,宗申动力,2026-04-27,18.65,18.29,1.93,2026-06-09,15.8,15.85,0.32,28,18.29,2.98,69342502,17.38
300516,久之洋,2026-04-24,42.98,40.32,6.19,2026-06-04,39.54,41.54,5.06,26,42.09,5.15,263790,42.22
002965,祥鑫科技,2026-05-26,36.2,36.1,0.28,2026-06-04,35.31,35.37,0.17,7,36.1,2.52,17848792,36.47
001280,中国铀业,2026-05-15,80.51,80.05,0.57,2026-06-03,71.57,71.8,0.32,13,80.05,2.91,21375066,73.13
920580,科创新材,2026-05-18,16.38,15.82,3.42,2026-06-03,13.28,13.42,1.05,12,15.82,2.76,9697484,14.14
688597,煜邦电力,2026-04-27,9.73,9.3,4.42,2026-06-03,8.97,9.0,0.33,24,9.4,2.45,25992742,9.36
002637,赞宇科技,2026-05-20,12.56,12.55,0.08,2026-06-02,11.82,12.03,1.78,9,12.55,3.6,55757237,12.61
600797,浙大网新,2026-05-27,8.05,7.89,1.99,2026-06-02,7.73,8.01,3.62,4,7.89,3.18,104518788,8.21
000737,北方铜业,2026-05-15,15.19,15.04,0.99,2026-06-02,14.01,14.23,1.57,12,15.04,2.54,122828036,14.94
301035,润丰股份,2026-05-14,59.72,59.59,0.22,2026-06-01,52.99,53.29,0.57,12,59.59,2.62,2730144,54.59
002535,林州重机,2026-05-28,2.72,2.45,9.93,2026-05-29,2.45,2.49,1.63,1,2.45,7.28,91816388,2.58
920943,优机股份,2026-04-30,19.02,18.25,4.05,2026-05-29,14.76,14.79,0.2,18,18.25,2.33,1809323,14.97
000401,金隅冀东,2026-04-30,4.45,4.43,0.45,2026-05-29,3.9,3.91,0.26,18,4.43,2.15,19057775,3.99
603529,爱玛科技,2026-04-24,25.29,24.78,2.02,2026-05-29,20.88,20.92,0.19,22,24.78,2.01,13864379,21.55
002771,真视通,2026-04-24,16.01,15.82,1.19,2026-05-27,14.99,15.1,0.73,20,15.82,2.95,35071552,16.49
603103,横店影视,2026-04-24,22.4,22.21,0.85,2026-05-26,20.1,20.3,1.0,19,22.21,4.31,20320791,20.91
301050,雷电微力,2026-04-24,48.29,42.04,12.94,2026-05-26,38.43,39.58,2.99,19,43.12,3.27,17536205,40.89
000510,新金路,2026-05-15,14.95,14.9,0.33,2026-05-25,14.94,15.6,4.42,6,14.94,2.85,114929759,16.43
605259,绿田机械,2026-04-30,20.23,20.12,0.54,2026-05-25,18.33,18.83,2.73,14,20.12,2.77,4298092,19.4
688330,宏力达,2026-04-30,44.06,42.38,3.81,2026-05-25,39.86,40.36,1.25,14,42.38,2.39,4188956,40.52
000630,铜陵有色,2026-05-15,6.64,6.59,0.75,2026-05-25,6.31,6.4,1.43,6,6.59,2.23,686901301,6.69
601717,中创智领,2026-04-30,18.71,18.09,3.31,2026-05-25,17.9,17.98,0.45,14,18.09,2.13,49292507,18.53
002703,浙江世宝,2026-04-27,20.62,20.25,1.79,2026-05-22,19.92,20.38,2.31,16,20.25,2.72,137703817,21.29
603232,格尔软件,2026-04-17,20.58,20.5,0.39,2026-05-22,19.44,19.99,2.83,22,20.5,2.49,15888300,20.04
000050,深天马Ａ,2026-04-30,8.07,7.88,2.35,2026-05-21,7.5,7.56,0.8,12,7.95,3.66,96154164,7.6
000728,国元证券,2026-04-21,7.75,7.45,3.87,2026-05-21,7.0,7.15,2.14,19,7.45,3.46,137993842,7.2
300940,南极光,2026-04-29,22.1,21.06,4.71,2026-05-21,20.0,20.13,0.65,13,21.96,2.02,148154,20.46
002246,北化股份,2026-04-24,25.66,25.62,0.16,2026-05-20,24.68,24.89,0.85,15,25.62,2.68,61784370,24.91
600850,电科数字,2026-04-07,18.2,16.4,9.89,2026-05-19,16.92,17.37,2.66,27,17.45,3.5,489757,18.63
600339,中油工程,2026-05-06,4.0,3.99,0.25,2026-05-18,3.85,3.89,1.04,8,3.99,2.91,218114418,4.19
301008,宏昌科技,2026-04-20,36.78,35.46,3.59,2026-05-18,32.14,32.24,0.31,17,35.46,2.32,13459983,32.24
920088,科力股份,2026-05-06,47.64,46.55,2.29,2026-05-18,43.02,43.43,0.95,8,46.55,2.3,8644037,45.72
603363,傲农生物,2026-04-24,3.63,3.47,4.41,2026-05-18,3.5,3.51,0.29,13,3.55,2.14,126017800,3.51
920429,康比特,2026-04-27,12.89,12.77,0.93,2026-05-14,12.24,12.66,3.43,10,12.77,8.62,7580100,13.42
920469,富恒新材,2026-04-30,8.41,7.4,12.01,2026-05-14,8.17,8.6,5.26,7,8.17,3.57,26661084,9.19
920670,数字人,2026-04-27,16.7,15.92,4.67,2026-05-13,15.39,15.4,0.06,9,15.92,3.74,8872057,17.06
001207,联科科技,2026-04-13,21.01,20.96,0.24,2026-05-12,19.84,19.88,0.2,18,20.96,2.91,23527799,20.14
300546,雄帝科技,2026-04-22,21.4,21.26,0.65,2026-05-11,20.39,20.44,0.25,10,21.26,7.98,219046,22.81
601609,金田股份,2026-04-24,10.49,10.45,0.38,2026-05-11,10.35,10.39,0.39,8,10.45,4.9,107031329,11.29
603881,数据港,2026-04-20,33.87,33.48,1.15,2026-05-11,33.72,34.09,1.1,12,33.72,2.94,139402511,35.22
601965,中国汽研,2026-04-23,17.03,16.72,1.82,2026-05-11,15.72,15.73,0.06,9,16.72,2.6,21311468,16.31
601868,中国能建,2026-03-27,3.17,3.14,0.95,2026-05-08,3.12,3.15,0.96,26,3.14,3.86,2325353687,3.22
920180,爱得科技,2026-04-28,15.35,15.1,1.63,2026-05-08,15.07,15.2,0.86,5,15.1,2.8,5523128,16.11
002453,华软科技,2026-03-23,5.64,5.52,2.13,2026-05-06,5.61,5.66,0.89,28,5.61,3.48,71250818,6.17
300170,汉得信息,2026-04-28,20.48,20.41,0.34,2026-05-06,20.14,20.21,0.35,3,20.41,3.0,139775615,22.33
002698,博实股份,2026-04-28,13.33,12.93,3.0,2026-05-06,12.65,12.66,0.08,3,12.93,2.46,23075692,13.51
300456,赛微电子,2026-04-23,55.23,54.63,1.09,2026-05-06,46.66,47.38,1.54,6,54.63,2.35,1118258,52.04
688027,国盾量子,2026-04-21,586.98,583.49,0.59,2026-05-06,572.49,574.99,0.44,8,583.85,2.12,3697266,593.78
300520,科大国创,2026-04-17,37.98,37.79,0.5,2026-05-06,34.92,35.93,2.89,10,37.79,2.1,223528,36.85
603195,公牛集团,2026-03-23,40.55,40.28,0.67,2026-04-30,39.51,41.37,4.71,27,40.4,13.82,22235773,42.81
601066,中信建投,2026-03-23,22.58,22.22,1.59,2026-04-30,22.12,22.67,2.49,27,22.42,4.34,43118652,23.0
600020,中原高速,2026-03-23,3.95,3.94,0.25,2026-04-30,3.72,3.77,1.34,27,3.94,3.69,53768274,3.91
600688,上海石化,2026-03-20,3.09,3.06,0.97,2026-04-30,2.92,3.01,3.08,28,3.06,3.64,182669261,3.11
600714,金瑞矿业,2026-03-20,21.1,21.0,0.47,2026-04-30,20.09,20.6,2.54,28,21.0,3.11,47441201,22.1
600288,大恒科技,2026-04-22,15.48,15.45,0.19,2026-04-30,14.8,15.11,2.09,6,15.45,2.8,20118643,15.18
688339,亿华通,2026-03-18,31.0,30.8,0.65,2026-04-30,24.28,24.61,1.36,30,30.8,2.74,12889363,26.15
300094,国联水产,2026-04-22,3.15,3.13,0.63,2026-04-30,3.06,3.11,1.63,6,3.13,2.68,77748758,3.17
920080,奥美森,2026-03-23,24.27,24.1,0.7,2026-04-30,23.44,23.59,0.64,27,24.1,2.48,1348769,24.13
002277,友阿股份,2026-03-23,6.36,6.21,2.36,2026-04-30,5.88,5.97,1.53,27,6.29,2.32,48205289,6.17
601377,兴业证券,2026-03-23,6.17,6.11,0.97,2026-04-30,5.86,5.9,0.68,27,6.11,2.3,137072596,5.97
601827,三峰环境,2026-03-31,8.64,8.52,1.39,2026-04-30,7.82,7.88,0.77,21,8.52,2.29,16000885,7.96
300999,金龙鱼,2026-03-23,29.54,29.27,0.91,2026-04-30,27.85,28.17,1.15,27,29.27,2.24,19551714,28.29
600085,同仁堂,2026-03-23,29.01,28.94,0.24,2026-04-30,26.86,26.89,0.11,27,28.94,2.17,9088782,27.17
600155,华创云信,2026-03-23,6.53,6.49,0.61,2026-04-30,6.21,6.27,0.97,27,6.49,2.16,44821337,6.27
000880,潍柴重机,2026-04-28,30.08,29.99,0.3,2026-04-30,28.88,30.05,4.05,2,29.99,2.03,42001211,30.9
002202,金风科技,2026-03-23,28.87,28.8,0.24,2026-04-30,25.64,25.95,1.21,27,28.8,2.02,349362601,27.29
002818,富森美,2026-03-23,11.42,11.39,0.26,2026-04-29,10.85,11.21,3.32,26,11.39,8.5,24819194,11.91
603508,思维列控,2026-04-13,25.19,24.78,1.63,2026-04-29,23.55,24.45,3.82,12,24.78,6.67,16969788,25.62
300307,慈星股份,2026-03-23,6.68,6.58,1.5,2026-04-29,6.53,6.74,3.22,26,6.63,5.36,380384,6.88
300168,万达信息,2026-03-27,5.91,5.86,0.85,2026-04-29,5.39,5.5,2.04,22,5.86,3.58,46310869,5.57
300381,溢多利,2026-03-23,6.81,6.7,1.62,2026-04-29,6.36,6.43,1.1,26,6.72,3.54,341323,6.91
601368,绿城水务,2026-03-27,5.35,5.31,0.75,2026-04-29,4.8,4.86,1.25,22,5.31,3.39,19200800,4.97
301210,金杨精密,2026-04-20,28.07,26.7,4.88,2026-04-29,25.71,25.97,1.01,7,26.7,3.33,7359444,27.15
300459,汤姆猫,2026-03-23,4.37,4.26,2.52,2026-04-29,3.92,3.94,0.51,26,4.27,2.78,2233630,4.17
002568,百润股份,2026-03-23,17.43,17.24,1.09,2026-04-29,16.7,17.45,4.49,26,17.36,2.52,16020451,17.96
603369,今世缘,2026-03-23,26.96,26.77,0.7,2026-04-29,25.14,25.42,1.11,26,26.88,2.43,29566535,26.65
603100,川仪股份,2026-03-23,20.36,20.16,0.98,2026-04-29,18.74,19.09,1.87,26,20.16,2.4,13991387,19.4
300210,森远股份,2026-04-23,9.4,9.34,0.64,2026-04-29,9.23,9.3,0.76,4,9.34,2.33,20810720,9.73
600111,北方稀土,2026-04-22,50.23,50.12,0.22,2026-04-29,47.07,47.36,0.62,5,50.12,2.33,187193783,50.81
002847,盐津铺子,2026-04-13,55.57,55.39,0.32,2026-04-29,54.18,54.91,1.35,12,55.39,2.28,6087332,58.34
000983,山西焦煤,2026-03-31,6.87,6.84,0.44,2026-04-29,6.68,6.71,0.45,20,6.84,2.17,132112263,6.9
300428,立中集团,2026-03-19,21.89,21.79,0.46,2026-04-29,20.02,20.11,0.45,28,21.79,2.17,171180,20.63
000818,航锦科技,2026-04-08,17.36,15.62,10.02,2026-04-29,14.17,14.3,0.92,15,16.05,2.09,75605096,15.42
002191,劲嘉股份,2026-03-23,3.76,3.74,0.53,2026-04-28,3.58,3.63,1.4,25,3.75,6.06,78083925,3.77
301275,汉朔科技,2026-03-19,44.07,43.7,0.84,2026-04-28,41.51,43.41,4.58,27,43.7,4.16,17312426,43.65
601878,浙商证券,2026-03-23,9.9,9.83,0.71,2026-04-28,9.31,9.46,1.61,25,9.83,4.05,85057844,9.67
600332,白云山,2026-03-23,24.6,23.74,3.5,2026-04-28,22.1,22.17,0.32,25,23.74,3.2,23276876,22.49
688472,阿特斯,2026-04-27,12.87,12.81,0.47,2026-04-28,12.81,13.39,4.53,1,12.81,3.0,154151684,13.61
300622,博士眼镜,2026-03-18,18.59,18.48,0.59,2026-04-28,17.48,17.54,0.34,28,18.48,2.28,91027,17.6
002923,润都股份,2026-04-07,15.62,14.97,4.16,2026-04-28,12.57,13.32,5.97,15,14.98,2.21,17121800,13.79
300957,贝泰妮,2026-03-23,39.66,39.48,0.45,2026-04-27,38.43,40.88,6.38,24,39.48,3.35,254100,42.15
603817,海峡环保,2026-03-27,8.05,7.92,1.61,2026-04-27,6.99,7.02,0.43,20,7.97,2.7,25954027,7.26
688110,东芯股份,2026-03-23,128.68,127.5,0.92,2026-04-27,120.8,126.02,4.32,24,127.5,2.32,31174334,132.94
300860,锋尚文化,2026-04-24,23.69,23.61,0.34,2026-04-27,23.61,23.72,0.47,1,23.61,2.11,44925,24.82
600761,安徽合力,2026-03-16,19.57,19.56,0.05,2026-04-27,16.85,17.14,1.72,29,19.56,2.1,23760321,17.29
603486,科沃斯,2026-04-24,62.63,62.47,0.26,2026-04-27,62.47,63.56,1.74,1,62.47,2.08,13624533,66.6
688269,凯立新材,2026-03-23,39.88,39.48,1.0,2026-04-24,39.64,40.62,2.47,23,39.64,6.44,7790889,40.83
002490,山东墨龙,2026-03-20,11.28,10.89,3.46,2026-04-24,9.77,9.81,0.41,24,11.0,2.82,139834901,10.27
600559,老白干酒,2026-03-23,13.94,13.77,1.22,2026-04-23,13.23,13.63,3.02,22,13.77,6.13,36805191,13.95
688581,安杰思,2026-03-20,55.8,55.74,0.11,2026-04-23,55.37,55.8,0.78,23,55.74,5.23,1210560,57.07
300607,拓斯达,2026-03-18,27.77,27.67,0.36,2026-04-23,27.42,28.97,5.65,25,27.67,4.75,416925,29.24
301330,熵基科技,2026-03-23,34.45,34.0,1.31,2026-04-23,33.66,35.04,4.1,22,34.27,4.64,11711557,36.15
300482,万孚生物,2026-03-23,19.5,19.28,1.13,2026-04-23,17.4,17.56,0.92,22,19.28,4.06,152132,18.23
000066,中国长城,2026-04-21,15.75,15.7,0.32,2026-04-23,15.67,15.89,1.4,2,15.7,3.12,245664424,16.19
000799,酒鬼酒,2026-03-19,45.85,45.66,0.41,2026-04-23,42.67,42.95,0.66,24,45.66,3.1,13694988,43.92
301302,华如科技,2026-04-01,26.27,25.75,1.98,2026-04-23,23.34,23.36,0.09,15,25.75,2.94,19270253,25.02
601127,赛力斯,2026-03-31,92.74,91.97,0.83,2026-04-23,89.7,91.1,1.56,16,91.97,2.72,40622486,91.58
300034,钢研高纳,2026-03-12,21.61,21.51,0.46,2026-04-23,19.61,19.91,1.53,29,21.51,2.69,39137345,19.97
600809,山西汾酒,2026-03-23,146.44,144.51,1.32,2026-04-23,130.58,133.72,2.4,22,144.51,2.69,14873275,135.51
600446,金证股份,2026-03-23,13.32,13.2,0.9,2026-04-23,13.31,13.43,0.9,22,13.31,2.64,57452074,13.59
688047,龙芯中科,2026-04-21,143.64,143.0,0.45,2026-04-23,143.48,146.39,2.03,2,143.48,2.59,17066355,150.66
603369,今世缘,2026-04-17,25.15,25.06,0.36,2026-04-23,24.6,24.65,0.2,4,25.06,2.29,18265600,25.19
600893,航发动力,2026-03-19,53.18,52.76,0.79,2026-04-23,48.51,48.91,0.82,24,52.76,2.25,68742771,50.27
920003,中诚咨询,2026-03-23,19.67,19.63,0.2,2026-04-22,19.53,20.34,4.15,21,19.66,8.31,3722895,21.45
600638,新黄浦,2026-03-23,6.19,6.18,0.16,2026-04-22,6.05,6.08,0.5,21,6.18,4.81,37533865,6.35
300496,中科创达,2026-03-13,68.82,68.4,0.61,2026-04-22,61.82,62.19,0.6,27,68.4,2.35,230332,64.32
003006,百亚股份,2026-03-19,17.98,17.91,0.39,2026-04-21,17.88,18.07,1.06,22,17.91,4.37,24218778,19.01
600941,中国移动,2026-03-23,94.02,93.56,0.49,2026-04-21,91.33,91.9,0.62,20,93.56,3.7,23160884,94.54
300533,冰川网络,2026-04-13,19.49,18.11,7.08,2026-04-21,17.53,18.61,6.16,6,18.11,2.92,257800,21.13
