code,ind_code,ind_name
000998,801016,种植业
002041,801016,种植业
002772,801016,种植业
300087,801016,种植业
300189,801016,种植业
300511,801016,种植业
300970,801016,种植业
600108,801016,种植业
600313,801016,种植业
600354,801016,种植业
600359,801016,种植业
600371,801016,种植业
600540,801016,种植业
600598,801016,种植业
601118,801016,种植业
601952,801016,种植业
603336,801016,种植业
600883,801016,种植业
002215,801016,种植业
000713,801016,种植业
002069,801015,渔业
300094,801015,渔业
600097,801015,渔业
600257,801015,渔业
600467,801015,渔业
000798,801015,渔业
002679,801011,林业Ⅱ
600265,801011,林业Ⅱ
000663,801011,林业Ⅱ
000592,801011,林业Ⅱ
002100,801014,饲料
002311,801014,饲料
002385,801014,饲料
002548,801014,饲料
002567,801014,饲料
002891,801014,饲料
300673,801014,饲料
603363,801014,饲料
603609,801014,饲料
603668,801014,饲料
001313,801014,饲料
002696,801014,饲料
603151,801014,饲料
001366,801014,饲料
301498,801014,饲料
688156,801014,饲料
000876,801014,饲料
000702,801014,饲料
000505,801012,农产品加工
000911,801012,农产品加工
000930,801012,农产品加工
000972,801012,农产品加工
002286,801012,农产品加工
002481,801012,农产品加工
002852,801012,农产品加工
003030,801012,农产品加工
300138,801012,农产品加工
300175,801012,农产品加工
300268,801012,农产品加工
300999,801012,农产品加工
600127,801012,农产品加工
600191,801012,农产品加工
600251,801012,农产品加工
600737,801012,农产品加工
600962,801012,农产品加工
605198,801012,农产品加工
603182,801012,农产品加工
001338,801012,农产品加工
603231,801012,农产品加工
002086,801012,农产品加工
000019,801012,农产品加工
001201,801017,养殖业
002124,801017,养殖业
002157,801017,养殖业
002234,801017,养殖业
002299,801017,养殖业
002321,801017,养殖业
002458,801017,养殖业
002714,801017,养殖业
002746,801017,养殖业
002982,801017,养殖业
300313,801017,养殖业
300498,801017,养殖业
300761,801017,养殖业
300967,801017,养殖业
600965,801017,养殖业
600975,801017,养殖业
605296,801017,养殖业
301116,801017,养殖业
603477,801017,养殖业
000048,801017,养殖业
603717,801017,养殖业
000735,801017,养殖业
002868,801018,动物保健Ⅱ
300119,801018,动物保健Ⅱ
300871,801018,动物保健Ⅱ
600195,801018,动物保健Ⅱ
600201,801018,动物保健Ⅱ
603566,801018,动物保健Ⅱ
688098,801018,动物保健Ⅱ
688526,801018,动物保健Ⅱ
002688,801018,动物保健Ⅱ
300021,801019,农业综合Ⅱ
002556,801019,农业综合Ⅱ
000545,801033,化学原料
000635,801033,化学原料
000683,801033,化学原料
000707,801033,化学原料
000818,801033,化学原料
000822,801033,化学原料
000830,801033,化学原料
000990,801033,化学原料
001217,801033,化学原料
002092,801033,化学原料
002109,801033,化学原料
002136,801033,化学原料
002145,801033,化学原料
002386,801033,化学原料
002601,801033,化学原料
002748,801033,化学原料
003017,801033,化学原料
300082,801033,化学原料
300891,801033,化学原料
300927,801033,化学原料
301069,801033,化学原料
301118,801033,化学原料
600075,801033,化学原料
600319,801033,化学原料
600328,801033,化学原料
600367,801033,化学原料
600610,801033,化学原料
600618,801033,化学原料
600623,801033,化学原料
600714,801033,化学原料
600727,801033,化学原料
600746,801033,化学原料
600844,801033,化学原料
600929,801033,化学原料
600935,801033,化学原料
600955,801033,化学原料
600989,801033,化学原料
601216,801033,化学原料
601568,801033,化学原料
601678,801033,化学原料
603067,801033,化学原料
603213,801033,化学原料
603299,801033,化学原料
603663,801033,化学原料
301256,801033,化学原料
000691,801033,化学原料
002274,801033,化学原料
002648,801033,化学原料
600409,801033,化学原料
600722,801033,化学原料
603938,801033,化学原料
601065,801033,化学原料
603113,801033,化学原料
301190,801033,化学原料
600423,801033,化学原料
600784,801033,化学原料
000510,801033,化学原料
000881,801034,化学制品
001218,801034,化学制品
002037,801034,化学制品
002054,801034,化学制品
002096,801034,化学制品
002165,801034,化学制品
002211,801034,化学制品
002226,801034,化学制品
002246,801034,化学制品
002319,801034,化学制品
002326,801034,化学制品
002360,801034,化学制品
002407,801034,化学制品
002440,801034,化学制品
002453,801034,化学制品
002455,801034,化学制品
002549,801034,化学制品
002562,801034,化学制品
002597,801034,化学制品
002637,801034,化学制品
002666,801034,化学制品
002669,801034,化学制品
002683,801034,化学制品
002783,801034,化学制品
002802,801034,化学制品
002809,801034,化学制品
002810,801034,化学制品
002827,801034,化学制品
002909,801034,化学制品
002915,801034,化学制品
002917,801034,化学制品
002971,801034,化学制品
003002,801034,化学制品
300019,801034,化学制品
300041,801034,化学制品
300067,801034,化学制品
300107,801034,化学制品
300109,801034,化学制品
300163,801034,化学制品
300169,801034,化学制品
300174,801034,化学制品
300200,801034,化学制品
300225,801034,化学制品
300321,801034,化学制品
300405,801034,化学制品
300522,801034,化学制品
300535,801034,化学制品
300641,801034,化学制品
300665,801034,化学制品
300721,801034,化学制品
300727,801034,化学制品
300741,801034,化学制品
300758,801034,化学制品
300798,801034,化学制品
300801,801034,化学制品
300821,801034,化学制品
300829,801034,化学制品
300848,801034,化学制品
300858,801034,化学制品
300910,801034,化学制品
301036,801034,化学制品
301037,801034,化学制品
301059,801034,化学制品
301076,801034,化学制品
301077,801034,化学制品
301100,801034,化学制品
301149,801034,化学制品
600160,801034,化学制品
600165,801034,化学制品
600230,801034,化学制品
600273,801034,化学制品
600299,801034,化学制品
600309,801034,化学制品
600352,801034,化学制品
600378,801034,化学制品
600500,801034,化学制品
600866,801034,化学制品
603020,801034,化学制品
603041,801034,化学制品
603110,801034,化学制品
603155,801034,化学制品
603188,801034,化学制品
603192,801034,化学制品
603217,801034,化学制品
603227,801034,化学制品
603379,801034,化学制品
603505,801034,化学制品
603681,801034,化学制品
603683,801034,化学制品
603790,801034,化学制品
603822,801034,化学制品
603823,801034,化学制品
603867,801034,化学制品
603916,801034,化学制品
603948,801034,化学制品
603968,801034,化学制品
603977,801034,化学制品
603980,801034,化学制品
605016,801034,化学制品
605020,801034,化学制品
605077,801034,化学制品
605366,801034,化学制品
605399,801034,化学制品
605566,801034,化学制品
688065,801034,化学制品
688089,801034,化学制品
688129,801034,化学制品
688133,801034,化学制品
688157,801034,化学制品
688179,801034,化学制品
688196,801034,化学制品
688199,801034,化学制品
688350,801034,化学制品
688398,801034,化学制品
688571,801034,化学制品
688625,801034,化学制品
688639,801034,化学制品
688659,801034,化学制品
301206,801034,化学制品
688267,801034,化学制品
603051,801034,化学制品
301212,801034,化学制品
301286,801034,化学制品
301156,801034,化学制品
301220,801034,化学制品
603235,801034,化学制品
002166,801034,化学制品
002591,801034,化学制品
300214,801034,化学制品
300596,801034,化学制品
300610,801034,化学制品
300637,801034,化学制品
600873,801034,化学制品
603010,801034,化学制品
603181,801034,化学制品
603260,801034,化学制品
603722,801034,化学制品
603739,801034,化学制品
688269,801034,化学制品
688357,801034,化学制品
603255,801034,化学制品
301209,801034,化学制品
301283,801034,化学制品
603281,801034,化学制品
301373,801034,化学制品
603065,801034,化学制品
603125,801034,化学制品
603172,801034,化学制品
300343,801034,化学制品
301518,801034,化学制品
300072,801034,化学制品
603276,801034,化学制品
603062,801034,化学制品
001358,801034,化学制品
603004,801034,化学制品
603285,801034,化学制品
002430,801034,化学制品
002497,801034,化学制品
603079,801034,化学制品
002001,801034,化学制品
603310,801034,化学制品
301618,801034,化学制品
301617,801034,化学制品
301585,801034,化学制品
001335,801034,化学制品
603120,801034,化学制品
688602,801034,化学制品
603334,801034,化学制品
301683,801034,化学制品
300886,801034,化学制品
000565,801034,化学制品
000677,801032,化学纤维
000782,801032,化学纤维
000936,801032,化学纤维
002064,801032,化学纤维
002206,801032,化学纤维
002427,801032,化学纤维
002998,801032,化学纤维
300876,801032,化学纤维
301057,801032,化学纤维
600063,801032,化学纤维
600810,801032,化学纤维
603225,801032,化学纤维
603332,801032,化学纤维
605166,801032,化学纤维
688722,801032,化学纤维
688295,801032,化学纤维
600370,801032,化学纤维
603073,801032,化学纤维
002254,801032,化学纤维
000949,801032,化学纤维
300905,801032,化学纤维
603382,801032,化学纤维
603406,801032,化学纤维
601113,801032,化学纤维
001369,801032,化学纤维
000420,801032,化学纤维
000973,801036,塑料
002108,801036,塑料
002263,801036,塑料
002324,801036,塑料
002361,801036,塑料
002395,801036,塑料
002522,801036,塑料
002585,801036,塑料
002632,801036,塑料
002768,801036,塑料
002825,801036,塑料
002838,801036,塑料
002886,801036,塑料
300180,801036,塑料
300218,801036,塑料
300221,801036,塑料
300230,801036,塑料
300243,801036,塑料
300305,801036,塑料
300478,801036,塑料
300487,801036,塑料
300538,801036,塑料
300539,801036,塑料
300586,801036,塑料
300644,801036,塑料
300717,801036,塑料
300806,801036,塑料
300920,801036,塑料
300980,801036,塑料
300995,801036,塑料
301003,801036,塑料
301019,801036,塑料
301092,801036,塑料
600135,801036,塑料
600143,801036,塑料
601208,801036,塑料
603330,801036,塑料
603580,801036,塑料
603879,801036,塑料
603928,801036,塑料
605008,801036,塑料
605589,801036,塑料
688219,801036,塑料
688323,801036,塑料
688386,801036,塑料
688585,801036,塑料
688669,801036,塑料
688718,801036,塑料
301196,801036,塑料
603150,801036,塑料
301131,801036,塑料
301237,801036,塑料
000920,801036,塑料
300834,801036,塑料
301090,801036,塑料
301216,801036,塑料
605488,801036,塑料
688203,801036,塑料
001255,801036,塑料
001333,801036,塑料
301395,801036,塑料
688716,801036,塑料
001378,801036,塑料
301555,801036,塑料
301591,801036,塑料
301538,801036,塑料
001359,801036,塑料
301565,801036,塑料
601026,801036,塑料
301687,801036,塑料
603435,801036,塑料
000859,801036,塑料
002068,801037,橡胶
002224,801037,橡胶
002381,801037,橡胶
002442,801037,橡胶
002753,801037,橡胶
300121,801037,橡胶
300320,801037,橡胶
300587,801037,橡胶
300731,801037,橡胶
300767,801037,橡胶
603033,801037,橡胶
603650,801037,橡胶
605183,801037,橡胶
301300,801037,橡胶
301459,801037,橡胶
001325,801037,橡胶
001207,801037,橡胶
000553,801038,农化制品
000731,801038,农化制品
000792,801038,农化制品
000893,801038,农化制品
000902,801038,农化制品
000912,801038,农化制品
002170,801038,农化制品
002250,801038,农化制品
002258,801038,农化制品
002312,801038,农化制品
002391,801038,农化制品
002470,801038,农化制品
002496,801038,农化制品
002513,801038,农化制品
002538,801038,农化制品
002539,801038,农化制品
002588,801038,农化制品
002734,801038,农化制品
002749,801038,农化制品
002895,801038,农化制品
002942,801038,农化制品
002999,801038,农化制品
003042,801038,农化制品
300261,801038,农化制品
300387,801038,农化制品
300505,801038,农化制品
300575,801038,农化制品
300796,801038,农化制品
301035,801038,农化制品
600078,801038,农化制品
600096,801038,农化制品
600141,801038,农化制品
600389,801038,农化制品
600470,801038,农化制品
600486,801038,农化制品
600691,801038,农化制品
600731,801038,农化制品
603086,801038,农化制品
603360,801038,农化制品
603585,801038,农化制品
603599,801038,农化制品
603639,801038,农化制品
603810,801038,农化制品
603970,801038,农化制品
605033,801038,农化制品
000422,801038,农化制品
002545,801038,农化制品
600227,801038,农化制品
600331,801038,农化制品
600426,801038,农化制品
603077,801038,农化制品
001231,801038,农化制品
300804,801038,农化制品
600596,801038,农化制品
603395,801038,农化制品
301665,801038,农化制品
002758,801038,农化制品
000408,801038,农化制品
000525,801038,农化制品
603612,801039,非金属材料Ⅱ
603688,801039,非金属材料Ⅱ
603826,801039,非金属材料Ⅱ
605086,801039,非金属材料Ⅱ
688300,801039,非金属材料Ⅱ
001296,801039,非金属材料Ⅱ
688598,801039,非金属材料Ⅱ
301071,801039,非金属材料Ⅱ
000655,801043,冶钢原料
000923,801043,冶钢原料
001203,801043,冶钢原料
600295,801043,冶钢原料
600516,801043,冶钢原料
601969,801043,冶钢原料
600382,801043,冶钢原料
601121,801043,冶钢原料
000629,801043,冶钢原料
000717,801044,普钢
000761,801044,普钢
000778,801044,普钢
000898,801044,普钢
000932,801044,普钢
000959,801044,普钢
002110,801044,普钢
600010,801044,普钢
600019,801044,普钢
600022,801044,普钢
600126,801044,普钢
600231,801044,普钢
600307,801044,普钢
600569,801044,普钢
600581,801044,普钢
600782,801044,普钢
600808,801044,普钢
601003,801044,普钢
601005,801044,普钢
601686,801044,普钢
603878,801044,普钢
000709,801044,普钢
000825,801045,特钢Ⅱ
002075,801045,特钢Ⅱ
002318,801045,特钢Ⅱ
002443,801045,特钢Ⅱ
002478,801045,特钢Ⅱ
300881,801045,特钢Ⅱ
600117,801045,特钢Ⅱ
600399,801045,特钢Ⅱ
600507,801045,特钢Ⅱ
603995,801045,特钢Ⅱ
600282,801045,特钢Ⅱ
000708,801045,特钢Ⅱ
000795,801051,金属新材料
000969,801051,金属新材料
000970,801051,金属新材料
300127,801051,金属新材料
300224,801051,金属新材料
300748,801051,金属新材料
300811,801051,金属新材料
300835,801051,金属新材料
300855,801051,金属新材料
300930,801051,金属新材料
300963,801051,金属新材料
600255,801051,金属新材料
600366,801051,金属新材料
601137,801051,金属新材料
603045,801051,金属新材料
603978,801051,金属新材料
688077,801051,金属新材料
688190,801051,金属新材料
688231,801051,金属新材料
688102,801051,金属新材料
688786,801051,金属新材料
301141,801051,金属新材料
301323,801051,金属新材料
605158,801051,金属新材料
688456,801051,金属新材料
301522,801051,金属新材料
301622,801051,金属新材料
603072,801051,金属新材料
603124,801051,金属新材料
688811,801051,金属新材料
301531,801051,金属新材料
000633,801051,金属新材料
000426,801055,工业金属
000603,801055,工业金属
000612,801055,工业金属
000630,801055,工业金属
000751,801055,工业金属
000758,801055,工业金属
000807,801055,工业金属
000878,801055,工业金属
000933,801055,工业金属
002114,801055,工业金属
002160,801055,工业金属
002171,801055,工业金属
002203,801055,工业金属
002295,801055,工业金属
002379,801055,工业金属
002501,801055,工业金属
002532,801055,工业金属
002540,801055,工业金属
002578,801055,工业金属
002824,801055,工业金属
002988,801055,工业金属
002996,801055,工业金属
003038,801055,工业金属
300057,801055,工业金属
300337,801055,工业金属
300697,801055,工业金属
600219,801055,工业金属
600338,801055,工业金属
600362,801055,工业金属
600490,801055,工业金属
600497,801055,工业金属
600531,801055,工业金属
600595,801055,工业金属
600768,801055,工业金属
600888,801055,工业金属
600961,801055,工业金属
601168,801055,工业金属
601388,801055,工业金属
601600,801055,工业金属
601609,801055,工业金属
601677,801055,工业金属
601702,801055,工业金属
601899,801055,工业金属
603527,801055,工业金属
603876,801055,工业金属
603937,801055,工业金属
605208,801055,工业金属
603132,801055,工业金属
000737,801055,工业金属
300328,801055,工业金属
600615,801055,工业金属
601020,801055,工业金属
600361,801055,工业金属
601212,801055,工业金属
603979,801055,工业金属
603993,801055,工业金属
603271,801055,工业金属
600711,801055,工业金属
000060,801055,工业金属
002155,801053,贵金属
002237,801053,贵金属
002716,801053,贵金属
600489,801053,贵金属
600547,801053,贵金属
600988,801053,贵金属
601069,801053,贵金属
000506,801053,贵金属
300139,801053,贵金属
001337,801053,贵金属
000975,801053,贵金属
000831,801054,小金属
000960,801054,小金属
000962,801054,小金属
002149,801054,小金属
002167,801054,小金属
002182,801054,小金属
002378,801054,小金属
002428,801054,小金属
002738,801054,小金属
002842,801054,小金属
002978,801054,小金属
301026,801054,小金属
600111,801054,小金属
600259,801054,小金属
600281,801054,小金属
600392,801054,小金属
600456,801054,小金属
600459,801054,小金属
600549,801054,小金属
601958,801054,小金属
600301,801054,小金属
688750,801054,小金属
001280,801054,小金属
001257,801054,小金属
603407,801054,小金属
000688,801054,小金属
000657,801054,小金属
002240,801056,能源金属
002460,801056,能源金属
002466,801056,能源金属
300618,801056,能源金属
603799,801056,能源金属
301219,801056,能源金属
002192,801056,能源金属
002756,801056,能源金属
603399,801056,能源金属
605376,801056,能源金属
000762,801056,能源金属
002077,801081,半导体
002119,801081,半导体
002156,801081,半导体
002185,801081,半导体
002371,801081,半导体
002409,801081,半导体
003026,801081,半导体
003043,801081,半导体
300046,801081,半导体
300077,801081,半导体
300223,801081,半导体
300327,801081,半导体
300373,801081,半导体
300456,801081,半导体
300458,801081,半导体
300604,801081,半导体
300613,801081,半导体
300623,801081,半导体
300661,801081,半导体
300666,801081,半导体
300671,801081,半导体
300672,801081,半导体
300706,801081,半导体
300782,801081,半导体
300831,801081,半导体
600171,801081,半导体
600206,801081,半导体
600360,801081,半导体
600460,801081,半导体
600584,801081,半导体
603005,801081,半导体
603068,801081,半导体
603160,801081,半导体
603290,801081,半导体
603501,801081,半导体
603690,801081,半导体
603893,801081,半导体
603986,801081,半导体
605111,801081,半导体
605358,801081,半导体
688008,801081,半导体
688012,801081,半导体
688018,801081,半导体
688037,801081,半导体
688049,801081,半导体
688082,801081,半导体
688099,801081,半导体
688107,801081,半导体
688110,801081,半导体
688123,801081,半导体
688126,801081,半导体
688135,801081,半导体
688138,801081,半导体
688200,801081,半导体
688216,801081,半导体
688230,801081,半导体
688233,801081,半导体
688256,801081,半导体
688286,801081,半导体
688368,801081,半导体
688385,801081,半导体
688396,801081,半导体
688508,801081,半导体
688521,801081,半导体
688536,801081,半导体
688589,801081,半导体
688601,801081,半导体
688608,801081,半导体
688689,801081,半导体
688699,801081,半导体
688711,801081,半导体
688728,801081,半导体
688766,801081,半导体
688798,801081,半导体
688981,801081,半导体
688262,801081,半导体
688234,801081,半导体
688259,801081,半导体
688220,801081,半导体
688173,801081,半导体
688270,801081,半导体
688261,801081,半导体
688048,801081,半导体
688153,801081,半导体
688209,801081,半导体
688072,801081,半导体
688279,801081,半导体
688052,801081,半导体
688325,801081,半导体
688167,801081,半导体
688213,801081,半导体
688045,801081,半导体
688120,801081,半导体
688047,801081,半导体
688332,801081,半导体
688130,801081,半导体
600745,801081,半导体
600877,801081,半导体
688595,801081,半导体
301308,801081,半导体
688380,801081,半导体
688661,801081,半导体
688041,801081,半导体
688401,801081,半导体
688403,801081,半导体
688381,801081,半导体
688416,801081,半导体
688391,801081,半导体
301369,801081,半导体
688252,801081,半导体
688409,801081,半导体
688061,801081,半导体
688372,801081,半导体
688419,801081,半导体
688432,801081,半导体
688362,801081,半导体
688172,801081,半导体
688498,801081,半导体
688141,801081,半导体
301297,801081,半导体
688525,801081,半导体
688515,801081,半导体
688486,801081,半导体
603061,801081,半导体
688535,801081,半导体
688484,801081,半导体
688352,801081,半导体
688146,801081,半导体
688478,801081,半导体
688249,801081,半导体
688469,801081,半导体
688512,801081,半导体
688361,801081,半导体
688458,801081,半导体
688593,801081,半导体
688620,801081,半导体
688582,801081,半导体
002213,801081,半导体
688347,801081,半导体
301348,801081,半导体
688693,801081,半导体
688591,801081,半导体
688702,801081,半导体
688653,801081,半导体
688652,801081,半导体
688720,801081,半导体
603375,801081,半导体
688709,801081,半导体
688584,801081,半导体
301536,801081,半导体
688691,801081,半导体
688530,801081,半导体
001309,801081,半导体
300053,801081,半导体
688721,801081,半导体
301611,801081,半导体
688449,801081,半导体
688605,801081,半导体
301629,801081,半导体
301678,801081,半导体
688729,801081,半导体
603991,801081,半导体
688783,801081,半导体
688727,801081,半导体
688795,801081,半导体
688790,801081,半导体
688802,801081,半导体
688807,801081,半导体
688809,801081,半导体
688785,801081,半导体
301666,801081,半导体
688820,801081,半导体
688797,801081,半导体
600641,801081,半导体
603316,801081,半导体
301583,801081,半导体
688825,801081,半导体
002049,801081,半导体
000823,801083,元件
002134,801083,元件
002138,801083,元件
002199,801083,元件
002384,801083,元件
002436,801083,元件
002463,801083,元件
002484,801083,元件
002579,801083,元件
002636,801083,元件
002815,801083,元件
002913,801083,元件
002916,801083,元件
002938,801083,元件
300319,801083,元件
300408,801083,元件
300460,801083,元件
300476,801083,元件
300657,801083,元件
300739,801083,元件
300814,801083,元件
300852,801083,元件
300903,801083,元件
300936,801083,元件
300964,801083,元件
301041,801083,元件
600183,801083,元件
600237,801083,元件
600563,801083,元件
600601,801083,元件
603186,801083,元件
603228,801083,元件
603328,801083,元件
603386,801083,元件
603738,801083,元件
603920,801083,元件
603936,801083,元件
603989,801083,元件
605058,801083,元件
605258,801083,元件
688020,801083,元件
688183,801083,元件
688519,801083,元件
688655,801083,元件
300975,801083,元件
301132,801083,元件
301282,801083,元件
301366,801083,元件
301176,801083,元件
688539,801083,元件
301251,801083,元件
301566,801083,元件
001389,801083,元件
301628,801083,元件
301458,801083,元件
603175,801083,元件
603459,801083,元件
002141,801083,元件
002552,801083,元件
001232,801083,元件
000636,801083,元件
000045,801084,光学光电子
000050,801084,光学光电子
000100,801084,光学光电子
000536,801084,光学光电子
000725,801084,光学光电子
000727,801084,光学光电子
002036,801084,光学光电子
002106,801084,光学光电子
002217,801084,光学光电子
002222,801084,光学光电子
002273,801084,光学光电子
002289,801084,光学光电子
002387,801084,光学光电子
002449,801084,光学光电子
002456,801084,光学光电子
002587,801084,光学光电子
002654,801084,光学光电子
002745,801084,光学光电子
002845,801084,光学光电子
002876,801084,光学光电子
002952,801084,光学光电子
002955,801084,光学光电子
002962,801084,光学光电子
002983,801084,光学光电子
003015,801084,光学光电子
003019,801084,光学光电子
300076,801084,光学光电子
300088,801084,光学光电子
300102,801084,光学光电子
300120,801084,光学光电子
300162,801084,光学光电子
300219,801084,光学光电子
300232,801084,光学光电子
300241,801084,光学光电子
300296,801084,光学光电子
300301,801084,光学光电子
300303,801084,光学光电子
300323,801084,光学光电子
300389,801084,光学光电子
300545,801084,光学光电子
300566,801084,光学光电子
300582,801084,光学光电子
300632,801084,光学光电子
300701,801084,光学光电子
300708,801084,光学光电子
300752,801084,光学光电子
300808,801084,光学光电子
300889,801084,光学光电子
300909,801084,光学光电子
300939,801084,光学光电子
300940,801084,光学光电子
600071,801084,光学光电子
600552,801084,光学光电子
600703,801084,光学光电子
600707,801084,光学光电子
603297,801084,光学光电子
603679,801084,光学光电子
603685,801084,光学光电子
603703,801084,光学光电子
603773,801084,光学光电子
605218,801084,光学光电子
605588,801084,光学光电子
688010,801084,光学光电子
688055,801084,光学光电子
688079,801084,光学光电子
688127,801084,光学光电子
688181,801084,光学光电子
688195,801084,光学光电子
688299,801084,光学光电子
688538,801084,光学光电子
301106,801084,光学光电子
001308,801084,光学光电子
301183,801084,光学光电子
688322,801084,光学光电子
000509,801084,光学光电子
002137,801084,光学光电子
002992,801084,光学光电子
300269,801084,光学光电子
300331,801084,光学光电子
301045,801084,光学光电子
301321,801084,光学光电子
301379,801084,光学光电子
688502,801084,光学光电子
001373,801084,光学光电子
301421,801084,光学光电子
300489,801084,光学光电子
688378,801084,光学光电子
688496,801084,光学光电子
301479,801084,光学光电子
688781,801084,光学光电子
001399,801084,光学光电子
688307,801084,光学光电子
000020,801084,光学光电子
002130,801082,其他电子Ⅱ
002161,801082,其他电子Ⅱ
002388,801082,其他电子Ⅱ
002729,801082,其他电子Ⅱ
002859,801082,其他电子Ⅱ
002922,801082,其他电子Ⅱ
300184,801082,其他电子Ⅱ
300493,801082,其他电子Ⅱ
300516,801082,其他电子Ⅱ
300656,801082,其他电子Ⅱ
300736,801082,其他电子Ⅱ
300991,801082,其他电子Ⅱ
301031,801082,其他电子Ⅱ
600353,801082,其他电子Ⅱ
603933,801082,其他电子Ⅱ
688093,801082,其他电子Ⅱ
688103,801082,其他电子Ⅱ
688662,801082,其他电子Ⅱ
688800,801082,其他电子Ⅱ
300475,801082,其他电子Ⅱ
000670,801082,其他电子Ⅱ
002782,801082,其他电子Ⅱ
002885,801082,其他电子Ⅱ
300131,801082,其他电子Ⅱ
300650,801082,其他电子Ⅱ
301099,801082,其他电子Ⅱ
301328,801082,其他电子Ⅱ
001298,801082,其他电子Ⅱ
301359,801082,其他电子Ⅱ
001287,801082,其他电子Ⅱ
301275,801082,其他电子Ⅱ
301563,801082,其他电子Ⅱ
000062,801082,其他电子Ⅱ
002045,801085,消费电子
002055,801085,消费电子
002139,801085,消费电子
002241,801085,消费电子
002351,801085,消费电子
002369,801085,消费电子
002475,801085,消费电子
002600,801085,消费电子
002635,801085,消费电子
002655,801085,消费电子
002660,801085,消费电子
002681,801085,消费电子
002855,801085,消费电子
002861,801085,消费电子
002866,801085,消费电子
002888,801085,消费电子
002925,801085,消费电子
002947,801085,消费电子
002981,801085,消费电子
002993,801085,消费电子
300032,801085,消费电子
300115,801085,消费电子
300136,801085,消费电子
300256,801085,消费电子
300322,801085,消费电子
300433,801085,消费电子
300602,801085,消费电子
300647,801085,消费电子
300679,801085,消费电子
300686,801085,消费电子
300709,801085,消费电子
300735,801085,消费电子
300787,801085,消费电子
300793,801085,消费电子
300822,801085,消费电子
300843,801085,消费电子
300857,801085,消费电子
300866,801085,消费电子
300916,801085,消费电子
300951,801085,消费电子
300956,801085,消费电子
300968,801085,消费电子
300976,801085,消费电子
301051,801085,消费电子
301067,801085,消费电子
301086,801085,消费电子
301180,801085,消费电子
600130,801085,消费电子
600203,801085,消费电子
601138,801085,消费电子
601231,801085,消费电子
603327,801085,消费电子
603380,801085,消费电子
603595,801085,消费电子
603626,801085,消费电子
603629,801085,消费电子
603633,801085,消费电子
603890,801085,消费电子
605277,801085,消费电子
688007,801085,消费电子
688036,801085,消费电子
688260,801085,消费电子
688678,801085,消费电子
688210,801085,消费电子
301189,801085,消费电子
301123,801085,消费电子
002426,801085,消费电子
002841,801085,消费电子
300812,801085,消费电子
600363,801085,消费电子
301326,801085,消费电子
301285,801085,消费电子
603052,801085,消费电子
301389,801085,消费电子
001314,801085,消费电子
301387,801085,消费电子
301383,801085,消费电子
301486,801085,消费电子
301329,801085,消费电子
603296,801085,消费电子
301567,801085,消费电子
603341,801085,消费电子
300784,801085,消费电子
301606,801085,消费电子
300868,801085,消费电子
301626,801085,消费电子
688775,801085,消费电子
301491,801085,消费电子
002402,801085,消费电子
300128,801085,消费电子
000021,801085,消费电子
002643,801086,电子化学品Ⅱ
002741,801086,电子化学品Ⅱ
300054,801086,电子化学品Ⅱ
300236,801086,电子化学品Ⅱ
300346,801086,电子化学品Ⅱ
300398,801086,电子化学品Ⅱ
300429,801086,电子化学品Ⅱ
300481,801086,电子化学品Ⅱ
300537,801086,电子化学品Ⅱ
300576,801086,电子化学品Ⅱ
300655,801086,电子化学品Ⅱ
603002,801086,电子化学品Ⅱ
603078,801086,电子化学品Ⅱ
603931,801086,电子化学品Ⅱ
688019,801086,电子化学品Ⅱ
688106,801086,电子化学品Ⅱ
688268,801086,电子化学品Ⅱ
688359,801086,电子化学品Ⅱ
688550,801086,电子化学品Ⅱ
688150,801086,电子化学品Ⅱ
300285,801086,电子化学品Ⅱ
300684,801086,电子化学品Ⅱ
688371,801086,电子化学品Ⅱ
688035,801086,电子化学品Ⅱ
301319,801086,电子化学品Ⅱ
688603,801086,电子化学品Ⅱ
688548,801086,电子化学品Ⅱ
688549,801086,电子化学品Ⅱ
301489,801086,电子化学品Ⅱ
600330,801086,电子化学品Ⅱ
688683,801086,电子化学品Ⅱ
688545,801086,电子化学品Ⅱ
301630,801086,电子化学品Ⅱ
603115,801086,电子化学品Ⅱ
002584,801086,电子化学品Ⅱ
000338,801093,汽车零部件
000559,801093,汽车零部件
000570,801093,汽车零部件
000581,801093,汽车零部件
000589,801093,汽车零部件
000599,801093,汽车零部件
000678,801093,汽车零部件
000700,801093,汽车零部件
000816,801093,汽车零部件
000887,801093,汽车零部件
000903,801093,汽车零部件
000980,801093,汽车零部件
002048,801093,汽车零部件
002085,801093,汽车零部件
002101,801093,汽车零部件
002126,801093,汽车零部件
002239,801093,汽车零部件
002265,801093,汽车零部件
002283,801093,汽车零部件
002284,801093,汽车零部件
002328,801093,汽车零部件
002355,801093,汽车零部件
002363,801093,汽车零部件
002406,801093,汽车零部件
002434,801093,汽车零部件
002448,801093,汽车零部件
002454,801093,汽车零部件
002472,801093,汽车零部件
002488,801093,汽车零部件
002510,801093,汽车零部件
002516,801093,汽车零部件
002536,801093,汽车零部件
002537,801093,汽车零部件
002553,801093,汽车零部件
002590,801093,汽车零部件
002592,801093,汽车零部件
002662,801093,汽车零部件
002664,801093,汽车零部件
002703,801093,汽车零部件
002708,801093,汽车零部件
002715,801093,汽车零部件
002725,801093,汽车零部件
002766,801093,汽车零部件
002813,801093,汽车零部件
002863,801093,汽车零部件
002906,801093,汽车零部件
002921,801093,汽车零部件
002984,801093,汽车零部件
002997,801093,汽车零部件
300100,801093,汽车零部件
300176,801093,汽车零部件
300258,801093,汽车零部件
300304,801093,汽车零部件
300375,801093,汽车零部件
300428,801093,汽车零部件
300473,801093,汽车零部件
300507,801093,汽车零部件
300547,801093,汽车零部件
300580,801093,汽车零部件
300585,801093,汽车零部件
300611,801093,汽车零部件
300643,801093,汽车零部件
300652,801093,汽车零部件
300680,801093,汽车零部件
300681,801093,汽车零部件
300694,801093,汽车零部件
300695,801093,汽车零部件
300707,801093,汽车零部件
300733,801093,汽车零部件
300816,801093,汽车零部件
300863,801093,汽车零部件
300912,801093,汽车零部件
300926,801093,汽车零部件
300928,801093,汽车零部件
300978,801093,汽车零部件
300998,801093,汽车零部件
301000,801093,汽车零部件
301005,801093,汽车零部件
301007,801093,汽车零部件
301020,801093,汽车零部件
301022,801093,汽车零部件
301072,801093,汽车零部件
301119,801093,汽车零部件
301133,801093,汽车零部件
301221,801093,汽车零部件
600081,801093,汽车零部件
600148,801093,汽车零部件
600178,801093,汽车零部件
600182,801093,汽车零部件
600218,801093,汽车零部件
600469,801093,汽车零部件
600480,801093,汽车零部件
600523,801093,汽车零部件
600609,801093,汽车零部件
600626,801093,汽车零部件
600660,801093,汽车零部件
600698,801093,汽车零部件
600699,801093,汽车零部件
600741,801093,汽车零部件
600742,801093,汽车零部件
600933,801093,汽车零部件
600960,801093,汽车零部件
601058,801093,汽车零部件
601163,801093,汽车零部件
601279,801093,汽车零部件
601500,801093,汽车零部件
601689,801093,汽车零部件
601966,801093,汽车零部件
603006,801093,汽车零部件
603009,801093,汽车零部件
603013,801093,汽车零部件
603023,801093,汽车零部件
603035,801093,汽车零部件
603037,801093,汽车零部件
603040,801093,汽车零部件
603048,801093,汽车零部件
603085,801093,汽车零部件
603089,801093,汽车零部件
603109,801093,汽车零部件
603121,801093,汽车零部件
603158,801093,汽车零部件
603161,801093,汽车零部件
603166,801093,汽车零部件
603178,801093,汽车零部件
603179,801093,汽车零部件
603197,801093,汽车零部件
603239,801093,汽车零部件
603286,801093,汽车零部件
603305,801093,汽车零部件
603306,801093,汽车零部件
603319,801093,汽车零部件
603335,801093,汽车零部件
603348,801093,汽车零部件
603358,801093,汽车零部件
603390,801093,汽车零部件
603586,801093,汽车零部件
603596,801093,汽车零部件
603655,801093,汽车零部件
603701,801093,汽车零部件
603730,801093,汽车零部件
603758,801093,汽车零部件
603767,801093,汽车零部件
603768,801093,汽车零部件
603786,801093,汽车零部件
603788,801093,汽车零部件
603809,801093,汽车零部件
603917,801093,汽车零部件
603922,801093,汽车零部件
603926,801093,汽车零部件
603949,801093,汽车零部件
603950,801093,汽车零部件
603982,801093,汽车零部件
603997,801093,汽车零部件
605005,801093,汽车零部件
605018,801093,汽车零部件
605068,801093,汽车零部件
605088,801093,汽车零部件
605128,801093,汽车零部件
605133,801093,汽车零部件
605228,801093,汽车零部件
605255,801093,汽车零部件
605319,801093,汽车零部件
605333,801093,汽车零部件
688021,801093,汽车零部件
688280,801093,汽车零部件
688533,801093,汽车零部件
688667,801093,汽车零部件
688737,801093,汽车零部件
301186,801093,汽车零部件
301181,801093,汽车零部件
603266,801093,汽车零部件
301298,801093,汽车零部件
301233,801093,汽车零部件
603211,801093,汽车零部件
000901,801093,汽车零部件
000981,801093,汽车零部件
002190,801093,汽车零部件
002547,801093,汽车零部件
002870,801093,汽车零部件
002965,801093,汽车零部件
002976,801093,汽车零部件
300237,801093,汽车零部件
300745,801093,汽车零部件
300893,801093,汽车零部件
300969,801093,汽车零部件
601799,801093,汽车零部件
605151,801093,汽车零部件
301192,801093,汽车零部件
001319,801093,汽车零部件
301398,801093,汽车零部件
001260,801093,汽车零部件
603190,801093,汽车零部件
001311,801093,汽车零部件
001278,801093,汽车零部件
001380,801093,汽车零部件
001282,801093,汽车零部件
301310,801093,汽车零部件
301225,801093,汽车零部件
301170,801093,汽车零部件
301397,801093,汽车零部件
301488,801093,汽车零部件
002806,801093,汽车零部件
600841,801093,汽车零部件
301499,801093,汽车零部件
688612,801093,汽车零部件
603119,801093,汽车零部件
301529,801093,汽车零部件
603107,801093,汽车零部件
301539,801093,汽车零部件
301552,801093,汽车零部件
002937,801093,汽车零部件
300446,801093,汽车零部件
301550,801093,汽车零部件
600651,801093,汽车零部件
603201,801093,汽车零部件
301607,801093,汽车零部件
301613,801093,汽车零部件
301229,801093,汽车零部件
301631,801093,汽车零部件
301581,801093,汽车零部件
301173,801093,汽车零部件
603409,801093,汽车零部件
301535,801093,汽车零部件
603210,801093,汽车零部件
603202,801093,汽车零部件
301560,801093,汽车零部件
603049,801093,汽车零部件
002765,801093,汽车零部件
603418,801093,汽车零部件
301656,801093,汽车零部件
001285,801093,汽车零部件
603376,801093,汽车零部件
001233,801093,汽车零部件
301667,801093,汽车零部件
603352,801093,汽车零部件
301680,801093,汽车零部件
603293,801093,汽车零部件
001365,801093,汽车零部件
600151,801093,汽车零部件
603007,801093,汽车零部件
603960,801093,汽车零部件
000030,801093,汽车零部件
300825,801092,汽车服务
600335,801092,汽车服务
600386,801092,汽车服务
600653,801092,汽车服务
600822,801092,汽车服务
601965,801092,汽车服务
301215,801092,汽车服务
600676,801092,汽车服务
000757,801092,汽车服务
002105,801881,摩托车及其他
003033,801881,摩托车及其他
300994,801881,摩托车及其他
600099,801881,摩托车及其他
600679,801881,摩托车及其他
601777,801881,摩托车及其他
603129,801881,摩托车及其他
603529,801881,摩托车及其他
603766,801881,摩托车及其他
603776,801881,摩托车及其他
603787,801881,摩托车及其他
600818,801881,摩托车及其他
301322,801881,摩托车及其他
301345,801881,摩托车及其他
000913,801881,摩托车及其他
000625,801095,乘用车
002594,801095,乘用车
600104,801095,乘用车
601238,801095,乘用车
601633,801095,乘用车
600733,801095,乘用车
601127,801095,乘用车
000572,801095,乘用车
000800,801096,商用车
000868,801096,商用车
000951,801096,商用车
000957,801096,商用车
301039,801096,商用车
600006,801096,商用车
600066,801096,商用车
600166,801096,商用车
600303,801096,商用车
600418,801096,商用车
600686,801096,商用车
600375,801096,商用车
000550,801096,商用车
000521,801111,白色家电
000651,801111,白色家电
000921,801111,白色家电
002668,801111,白色家电
600336,801111,白色家电
600690,801111,白色家电
600983,801111,白色家电
001387,801111,白色家电
000016,801111,白色家电
600854,801111,白色家电
000333,801111,白色家电
000810,801112,黑色家电
002429,801112,黑色家电
600060,801112,黑色家电
600839,801112,黑色家电
688609,801112,黑色家电
301578,801112,黑色家电
002848,801112,黑色家电
688696,801112,黑色家电
000801,801112,黑色家电
002032,801113,小家电
002242,801113,小家电
002403,801113,小家电
002705,801113,小家电
002959,801113,小家电
300824,801113,小家电
603219,801113,小家电
603355,801113,小家电
603486,801113,小家电
603868,801113,小家电
605555,801113,小家电
688169,801113,小家电
688793,801113,小家电
603215,801113,小家电
301187,801113,小家电
001259,801113,小家电
301332,801113,小家电
300272,801113,小家电
003023,801113,小家电
002005,801113,小家电
002508,801114,厨卫电器
002543,801114,厨卫电器
002677,801114,厨卫电器
300894,801114,厨卫电器
300911,801114,厨卫电器
603366,801114,厨卫电器
603551,801114,厨卫电器
605336,801114,厨卫电器
002035,801114,厨卫电器
002076,801115,照明设备Ⅱ
002723,801115,照明设备Ⅱ
300625,801115,照明设备Ⅱ
600261,801115,照明设备Ⅱ
603303,801115,照明设备Ⅱ
603515,801115,照明设备Ⅱ
605365,801115,照明设备Ⅱ
301362,801115,照明设备Ⅱ
001326,801115,照明设备Ⅱ
002638,801115,照明设备Ⅱ
002724,801115,照明设备Ⅱ
000541,801115,照明设备Ⅱ
002011,801116,家电零部件Ⅱ
002050,801116,家电零部件Ⅱ
002290,801116,家电零部件Ⅱ
002418,801116,家电零部件Ⅱ
002676,801116,家电零部件Ⅱ
002860,801116,家电零部件Ⅱ
300160,801116,家电零部件Ⅱ
300217,801116,家电零部件Ⅱ
300342,801116,家电零部件Ⅱ
300403,801116,家电零部件Ⅱ
301008,801116,家电零部件Ⅱ
600619,801116,家电零部件Ⅱ
601956,801116,家电零部件Ⅱ
603112,801116,家电零部件Ⅱ
603311,801116,家电零部件Ⅱ
603519,801116,家电零部件Ⅱ
603578,801116,家电零部件Ⅱ
603657,801116,家电零部件Ⅱ
603677,801116,家电零部件Ⅱ
603726,801116,家电零部件Ⅱ
001268,801116,家电零部件Ⅱ
301252,801116,家电零部件Ⅱ
603075,801116,家电零部件Ⅱ
003028,801116,家电零部件Ⅱ
300279,801116,家电零部件Ⅱ
300543,801116,家电零部件Ⅱ
301135,801116,家电零部件Ⅱ
301280,801116,家电零部件Ⅱ
000404,801116,家电零部件Ⅱ
300247,801117,其他家电Ⅱ
603579,801117,其他家电Ⅱ
002614,801117,其他家电Ⅱ
001215,801124,食品加工
002216,801124,食品加工
002330,801124,食品加工
002515,801124,食品加工
002626,801124,食品加工
002702,801124,食品加工
002726,801124,食品加工
002840,801124,食品加工
300146,801124,食品加工
300791,801124,食品加工
600073,801124,食品加工
600381,801124,食品加工
600530,801124,食品加工
603345,801124,食品加工
603536,801124,食品加工
605089,801124,食品加工
605338,801124,食品加工
605567,801124,食品加工
603102,801124,食品加工
603237,801124,食品加工
002661,801124,食品加工
000529,801124,食品加工
000639,801124,食品加工
603262,801124,食品加工
000895,801124,食品加工
000596,801125,白酒Ⅱ
000799,801125,白酒Ⅱ
000858,801125,白酒Ⅱ
000860,801125,白酒Ⅱ
000995,801125,白酒Ⅱ
002304,801125,白酒Ⅱ
002646,801125,白酒Ⅱ
600197,801125,白酒Ⅱ
600199,801125,白酒Ⅱ
600519,801125,白酒Ⅱ
600559,801125,白酒Ⅱ
600702,801125,白酒Ⅱ
600779,801125,白酒Ⅱ
600809,801125,白酒Ⅱ
603198,801125,白酒Ⅱ
603369,801125,白酒Ⅱ
603589,801125,白酒Ⅱ
603919,801125,白酒Ⅱ
000568,801125,白酒Ⅱ
000752,801126,非白酒
000869,801126,非白酒
000929,801126,非白酒
002461,801126,非白酒
002568,801126,非白酒
600059,801126,非白酒
600084,801126,非白酒
600132,801126,非白酒
600238,801126,非白酒
600543,801126,非白酒
600573,801126,非白酒
600600,801126,非白酒
600616,801126,非白酒
601579,801126,非白酒
603779,801126,非白酒
000729,801126,非白酒
002329,801127,饮料乳品
002570,801127,饮料乳品
002732,801127,饮料乳品
002910,801127,饮料乳品
002946,801127,饮料乳品
300106,801127,饮料乳品
300898,801127,饮料乳品
300915,801127,饮料乳品
300997,801127,饮料乳品
600189,801127,饮料乳品
600300,801127,饮料乳品
600419,801127,饮料乳品
600429,801127,饮料乳品
600597,801127,饮料乳品
600882,801127,饮料乳品
600887,801127,饮料乳品
603156,801127,饮料乳品
603711,801127,饮料乳品
605179,801127,饮料乳品
605300,801127,饮料乳品
605337,801127,饮料乳品
605388,801127,饮料乳品
605499,801127,饮料乳品
001318,801127,饮料乳品
300892,801127,饮料乳品
000848,801127,饮料乳品
002557,801128,休闲食品
002582,801128,休闲食品
002695,801128,休闲食品
002820,801128,休闲食品
002847,801128,休闲食品
002956,801128,休闲食品
002991,801128,休闲食品
003000,801128,休闲食品
300783,801128,休闲食品
300973,801128,休闲食品
603043,801128,休闲食品
603517,801128,休闲食品
603697,801128,休闲食品
603719,801128,休闲食品
603777,801128,休闲食品
603866,801128,休闲食品
603886,801128,休闲食品
605339,801128,休闲食品
000716,801128,休闲食品
603057,801128,休闲食品
002719,801128,休闲食品
001219,801128,休闲食品
002507,801129,调味发酵品Ⅱ
002650,801129,调味发酵品Ⅱ
300908,801129,调味发酵品Ⅱ
600186,801129,调味发酵品Ⅱ
600298,801129,调味发酵品Ⅱ
600305,801129,调味发酵品Ⅱ
600872,801129,调味发酵品Ⅱ
603027,801129,调味发酵品Ⅱ
603288,801129,调味发酵品Ⅱ
603317,801129,调味发酵品Ⅱ
603696,801129,调味发酵品Ⅱ
603755,801129,调味发酵品Ⅱ
603170,801129,调味发酵品Ⅱ
002495,801129,调味发酵品Ⅱ
000850,801131,纺织制造
000955,801131,纺织制造
002003,801131,纺织制造
002042,801131,纺织制造
002083,801131,纺织制造
002098,801131,纺织制造
002144,801131,纺织制造
002394,801131,纺织制造
002674,801131,纺织制造
300819,801131,纺织制造
300877,801131,纺织制造
300918,801131,纺织制造
300979,801131,纺织制造
600156,801131,纺织制造
600448,801131,纺织制造
600493,801131,纺织制造
600527,801131,纺织制造
600987,801131,纺织制造
601339,801131,纺织制造
601599,801131,纺织制造
603055,801131,纺织制造
603558,801131,纺织制造
603889,801131,纺织制造
605055,801131,纺织制造
605180,801131,纺织制造
605189,801131,纺织制造
301066,801131,纺织制造
603130,801131,纺织制造
001390,801131,纺织制造
603238,801131,纺织制造
001312,801131,纺织制造
000726,801131,纺织制造
002029,801132,服装家纺
002154,801132,服装家纺
002269,801132,服装家纺
002293,801132,服装家纺
002327,801132,服装家纺
002397,801132,服装家纺
002494,801132,服装家纺
002563,801132,服装家纺
002569,801132,服装家纺
002612,801132,服装家纺
002656,801132,服装家纺
002687,801132,服装家纺
002762,801132,服装家纺
002780,801132,服装家纺
002832,801132,服装家纺
002875,801132,服装家纺
003016,801132,服装家纺
003041,801132,服装家纺
300005,801132,服装家纺
300577,801132,服装家纺
300591,801132,服装家纺
300840,801132,服装家纺
300901,801132,服装家纺
300952,801132,服装家纺
301088,801132,服装家纺
600107,801132,服装家纺
600177,801132,服装家纺
600398,801132,服装家纺
600400,801132,服装家纺
600630,801132,服装家纺
601566,801132,服装家纺
601718,801132,服装家纺
603001,801132,服装家纺
603116,801132,服装家纺
603196,801132,服装家纺
603365,801132,服装家纺
603518,801132,服装家纺
603557,801132,服装家纺
603587,801132,服装家纺
603608,801132,服装家纺
603665,801132,服装家纺
603808,801132,服装家纺
603839,801132,服装家纺
603877,801132,服装家纺
603908,801132,服装家纺
603958,801132,服装家纺
605003,801132,服装家纺
605138,801132,服装家纺
301276,801132,服装家纺
603307,801132,服装家纺
001234,801132,服装家纺
002193,801132,服装家纺
002404,801132,服装家纺
002486,801132,服装家纺
002634,801132,服装家纺
002763,801132,服装家纺
600137,801132,服装家纺
603511,801132,服装家纺
001209,801132,服装家纺
002345,801133,饰品
002574,801133,饰品
002721,801133,饰品
002731,801133,饰品
002867,801133,饰品
300945,801133,饰品
600439,801133,饰品
600612,801133,饰品
600735,801133,饰品
600916,801133,饰品
603900,801133,饰品
605599,801133,饰品
301177,801133,饰品
000017,801133,饰品
000026,801133,饰品
002012,801143,造纸
002067,801143,造纸
002078,801143,造纸
002235,801143,造纸
002521,801143,造纸
600103,801143,造纸
600235,801143,造纸
600308,801143,造纸
600356,801143,造纸
600433,801143,造纸
600567,801143,造纸
600793,801143,造纸
600963,801143,造纸
600966,801143,造纸
603165,801143,造纸
603733,801143,造纸
603863,801143,造纸
605007,801143,造纸
605377,801143,造纸
605500,801143,造纸
301469,801143,造纸
603284,801143,造纸
000488,801143,造纸
000812,801141,包装印刷
002014,801141,包装印刷
002117,801141,包装印刷
002191,801141,包装印刷
002228,801141,包装印刷
002303,801141,包装印刷
002374,801141,包装印刷
002565,801141,包装印刷
002599,801141,包装印刷
002701,801141,包装印刷
002735,801141,包装印刷
002752,801141,包装印刷
002787,801141,包装印刷
002799,801141,包装印刷
002831,801141,包装印刷
002836,801141,包装印刷
002846,801141,包装印刷
002969,801141,包装印刷
003003,801141,包装印刷
003018,801141,包装印刷
300501,801141,包装印刷
300883,801141,包装印刷
301062,801141,包装印刷
301198,801141,包装印刷
600210,801141,包装印刷
601515,801141,包装印刷
601968,801141,包装印刷
603022,801141,包装印刷
603058,801141,包装印刷
603429,801141,包装印刷
603499,801141,包装印刷
603607,801141,包装印刷
603687,801141,包装印刷
600076,801141,包装印刷
301296,801141,包装印刷
301223,801141,包装印刷
301355,801141,包装印刷
603091,801141,包装印刷
001279,801141,包装印刷
000659,801141,包装印刷
001211,801142,家居用品
001216,801142,家居用品
002084,801142,家居用品
002162,801142,家居用品
002489,801142,家居用品
002571,801142,家居用品
002572,801142,家居用品
002615,801142,家居用品
002790,801142,家居用品
002798,801142,家居用品
002853,801142,家居用品
002918,801142,家居用品
003011,801142,家居用品
003012,801142,家居用品
300616,801142,家居用品
300640,801142,家居用品
300729,801142,家居用品
300749,801142,家居用品
300993,801142,家居用品
301004,801142,家居用品
301055,801142,家居用品
301061,801142,家居用品
301113,801142,家居用品
301193,801142,家居用品
600337,801142,家居用品
603008,801142,家居用品
603021,801142,家居用品
603180,801142,家居用品
603195,801142,家居用品
603208,801142,家居用品
603221,801142,家居用品
603226,801142,家居用品
603313,801142,家居用品
603326,801142,家居用品
603385,801142,家居用品
603389,801142,家居用品
603408,801142,家居用品
603600,801142,家居用品
603610,801142,家居用品
603615,801142,家居用品
603661,801142,家居用品
603709,801142,家居用品
603801,801142,家居用品
603816,801142,家居用品
603818,801142,家居用品
603833,801142,家居用品
603838,801142,家居用品
603848,801142,家居用品
603898,801142,家居用品
603992,801142,家居用品
605099,801142,家居用品
605155,801142,家居用品
605268,801142,家居用品
603216,801142,家居用品
603272,801142,家居用品
601996,801142,家居用品
001323,801142,家居用品
301336,801142,家居用品
301227,801142,家居用品
001322,801142,家居用品
301356,801142,家居用品
301376,801142,家居用品
301588,801142,家居用品
603725,801142,家居用品
001356,801142,家居用品
301501,801142,家居用品
301595,801142,家居用品
001221,801142,家居用品
002631,801142,家居用品
301575,801142,家居用品
001386,801142,家居用品
688087,801142,家居用品
000910,801142,家居用品
002348,801145,文娱用品
002678,801145,文娱用品
002862,801145,文娱用品
002899,801145,文娱用品
300329,801145,文娱用品
300703,801145,文娱用品
603899,801145,文娱用品
605080,801145,文娱用品
605299,801145,文娱用品
301101,801145,文娱用品
002103,801145,文娱用品
301011,801145,文娱用品
001222,801145,文娱用品
001238,801145,文娱用品
001300,801145,文娱用品
301335,801145,文娱用品
001368,801145,文娱用品
301287,801145,文娱用品
300651,801145,文娱用品
002301,801145,文娱用品
000513,801151,化学制药
000566,801151,化学制药
000597,801151,化学制药
000739,801151,化学制药
000756,801151,化学制药
000766,801151,化学制药
000788,801151,化学制药
000813,801151,化学制药
000908,801151,化学制药
000915,801151,化学制药
000931,801151,化学制药
000952,801151,化学制药
000963,801151,化学制药
002004,801151,化学制药
002019,801151,化学制药
002020,801151,化学制药
002099,801151,化学制药
002102,801151,化学制药
002262,801151,化学制药
002294,801151,化学制药
002365,801151,化学制药
002370,801151,化学制药
002393,801151,化学制药
002422,801151,化学制药
002437,801151,化学制药
002550,801151,化学制药
002653,801151,化学制药
002675,801151,化学制药
002755,801151,化学制药
002793,801151,化学制药
002826,801151,化学制药
002900,801151,化学制药
002923,801151,化学制药
002940,801151,化学制药
003020,801151,化学制药
300006,801151,化学制药
300016,801151,化学制药
300086,801151,化学制药
300110,801151,化学制药
300194,801151,化学制药
300199,801151,化学制药
300233,801151,化学制药
300254,801151,化学制药
300255,801151,化学制药
300267,801151,化学制药
300381,801151,化学制药
300401,801151,化学制药
300434,801151,化学制药
300436,801151,化学制药
300452,801151,化学制药
300497,801151,化学制药
300558,801151,化学制药
300573,801151,化学制药
300583,801151,化学制药
300584,801151,化学制药
300636,801151,化学制药
300702,801151,化学制药
300705,801151,化学制药
300723,801151,化学制药
300765,801151,化学制药
300966,801151,化学制药
301075,801151,化学制药
301089,801151,化学制药
301211,801151,化学制药
600062,801151,化学制药
600079,801151,化学制药
600196,801151,化学制药
600216,801151,化学制药
600276,801151,化学制药
600380,801151,化学制药
600420,801151,化学制药
600513,801151,化学制药
600521,801151,化学制药
600613,801151,化学制药
600624,801151,化学制药
600664,801151,化学制药
600789,801151,化学制药
600812,801151,化学制药
600851,801151,化学制药
603168,801151,化学制药
603229,801151,化学制药
603351,801151,化学制药
603367,801151,化学制药
603520,801151,化学制药
603538,801151,化学制药
603669,801151,化学制药
603676,801151,化学制药
603707,801151,化学制药
603811,801151,化学制药
605116,801151,化学制药
605177,801151,化学制药
605507,801151,化学制药
688091,801151,化学制药
688117,801151,化学制药
688189,801151,化学制药
688192,801151,化学制药
688221,801151,化学制药
688266,801151,化学制药
688321,801151,化学制药
688356,801151,化学制药
688505,801151,化学制药
688513,801151,化学制药
688553,801151,化学制药
688566,801151,化学制药
688578,801151,化学制药
688658,801151,化学制药
688690,801151,化学制药
688799,801151,化学制药
688176,801151,化学制药
688062,801151,化学制药
301130,801151,化学制药
688197,801151,化学制药
301258,801151,化学制药
301263,801151,化学制药
688302,801151,化学制药
601089,801151,化学制药
688382,801151,化学制药
000919,801151,化学制药
000953,801151,化学制药
002332,801151,化学制药
002693,801151,化学制药
002742,801151,化学制药
002817,801151,化学制药
002872,801151,化学制药
300111,801151,化学制药
300204,801151,化学制药
301065,801151,化学制药
600267,801151,化学制药
600488,801151,化学制药
600774,801151,化学制药
688166,801151,化学制药
688373,801151,化学制药
688247,801151,化学制药
688428,801151,化学制药
301277,801151,化学制药
688506,801151,化学制药
301246,801151,化学制药
301281,801151,化学制药
001367,801151,化学制药
301507,801151,化学制药
688235,801151,化学制药
002038,801151,化学制药
002399,801151,化学制药
301301,801151,化学制药
603207,801151,化学制药
688076,801151,化学制药
688758,801151,化学制药
688759,801151,化学制药
000153,801151,化学制药
000538,801155,中药Ⅱ
000590,801155,中药Ⅱ
000650,801155,中药Ⅱ
000790,801155,中药Ⅱ
000989,801155,中药Ⅱ
000999,801155,中药Ⅱ
002107,801155,中药Ⅱ
002198,801155,中药Ⅱ
002275,801155,中药Ⅱ
002287,801155,中药Ⅱ
002317,801155,中药Ⅱ
002349,801155,中药Ⅱ
002390,801155,中药Ⅱ
002412,801155,中药Ⅱ
002424,801155,中药Ⅱ
002566,801155,中药Ⅱ
002603,801155,中药Ⅱ
002644,801155,中药Ⅱ
002728,801155,中药Ⅱ
002737,801155,中药Ⅱ
002864,801155,中药Ⅱ
002873,801155,中药Ⅱ
002907,801155,中药Ⅱ
300026,801155,中药Ⅱ
300039,801155,中药Ⅱ
300147,801155,中药Ⅱ
300181,801155,中药Ⅱ
300519,801155,中药Ⅱ
300534,801155,中药Ⅱ
300878,801155,中药Ⅱ
600080,801155,中药Ⅱ
600085,801155,中药Ⅱ
600129,801155,中药Ⅱ
600222,801155,中药Ⅱ
600252,801155,中药Ⅱ
600285,801155,中药Ⅱ
600329,801155,中药Ⅱ
600332,801155,中药Ⅱ
600351,801155,中药Ⅱ
600422,801155,中药Ⅱ
600436,801155,中药Ⅱ
600479,801155,中药Ⅱ
600518,801155,中药Ⅱ
600535,801155,中药Ⅱ
600557,801155,中药Ⅱ
600566,801155,中药Ⅱ
600572,801155,中药Ⅱ
600594,801155,中药Ⅱ
600671,801155,中药Ⅱ
600750,801155,中药Ⅱ
600771,801155,中药Ⅱ
600976,801155,中药Ⅱ
600993,801155,中药Ⅱ
603139,801155,中药Ⅱ
603439,801155,中药Ⅱ
603567,801155,中药Ⅱ
603858,801155,中药Ⅱ
603896,801155,中药Ⅱ
603998,801155,中药Ⅱ
605199,801155,中药Ⅱ
000623,801155,中药Ⅱ
002082,801155,中药Ⅱ
301111,801155,中药Ⅱ
301331,801155,中药Ⅱ
300158,801155,中药Ⅱ
000423,801155,中药Ⅱ
000518,801152,生物制品
000534,801152,生物制品
000661,801152,生物制品
002252,801152,生物制品
002581,801152,生物制品
002880,801152,生物制品
300009,801152,生物制品
300122,801152,生物制品
300142,801152,生物制品
300239,801152,生物制品
300294,801152,生物制品
300357,801152,生物制品
300485,801152,生物制品
300601,801152,生物制品
300841,801152,生物制品
600161,801152,生物制品
600739,801152,生物制品
600867,801152,生物制品
603087,801152,生物制品
603590,801152,生物制品
688136,801152,生物制品
688177,801152,生物制品
688180,801152,生物制品
688185,801152,生物制品
688276,801152,生物制品
688278,801152,生物制品
688319,801152,生物制品
688336,801152,生物制品
688488,801152,生物制品
688520,801152,生物制品
688670,801152,生物制品
688687,801152,生物制品
688739,801152,生物制品
301166,801152,生物制品
301207,801152,生物制品
688163,801152,生物制品
688331,801152,生物制品
002007,801152,生物制品
301047,801152,生物制品
301080,801152,生物制品
688105,801152,生物制品
688293,801152,生物制品
688137,801152,生物制品
688443,801152,生物制品
600211,801152,生物制品
301393,801152,生物制品
002773,801152,生物制品
300318,801152,生物制品
688765,801152,生物制品
688806,801152,生物制品
000403,801152,生物制品
000078,801154,医药商业
000411,801154,医药商业
000705,801154,医药商业
000950,801154,医药商业
002462,801154,医药商业
002589,801154,医药商业
002727,801154,医药商业
002788,801154,医药商业
300937,801154,医药商业
301015,801154,医药商业
301017,801154,医药商业
301126,801154,医药商业
600056,801154,医药商业
600272,801154,医药商业
600511,801154,医药商业
600538,801154,医药商业
600713,801154,医药商业
600829,801154,医药商业
600833,801154,医药商业
600998,801154,医药商业
601607,801154,医药商业
603233,801154,医药商业
603368,801154,医药商业
603716,801154,医药商业
603883,801154,医药商业
603939,801154,医药商业
605266,801154,医药商业
603122,801154,医药商业
603108,801154,医药商业
301408,801154,医药商业
301584,801154,医药商业
000028,801154,医药商业
002030,801153,医疗器械
002223,801153,医疗器械
002382,801153,医疗器械
002551,801153,医疗器械
002901,801153,医疗器械
002932,801153,医疗器械
002950,801153,医疗器械
300003,801153,医疗器械
300030,801153,医疗器械
300049,801153,医疗器械
300171,801153,医疗器械
300206,801153,医疗器械
300238,801153,医疗器械
300246,801153,医疗器械
300289,801153,医疗器械
300298,801153,医疗器械
300314,801153,医疗器械
300326,801153,医疗器械
300358,801153,医疗器械
300396,801153,医疗器械
300406,801153,医疗器械
300439,801153,医疗器械
300453,801153,医疗器械
300463,801153,医疗器械
300482,801153,医疗器械
300529,801153,医疗器械
300562,801153,医疗器械
300595,801153,医疗器械
300633,801153,医疗器械
300639,801153,医疗器械
300642,801153,医疗器械
300653,801153,医疗器械
300677,801153,医疗器械
300685,801153,医疗器械
300753,801153,医疗器械
300760,801153,医疗器械
300832,801153,医疗器械
300869,801153,医疗器械
300942,801153,医疗器械
300981,801153,医疗器械
301033,801153,医疗器械
301093,801153,医疗器械
600055,801153,医疗器械
600529,801153,医疗器械
600587,801153,医疗器械
600645,801153,医疗器械
603222,801153,医疗器械
603301,801153,医疗器械
603309,801153,医疗器械
603387,801153,医疗器械
603658,801153,医疗器械
603880,801153,医疗器械
603976,801153,医疗器械
603987,801153,医疗器械
605369,801153,医疗器械
688013,801153,医疗器械
688016,801153,医疗器械
688029,801153,医疗器械
688050,801153,医疗器械
688067,801153,医疗器械
688068,801153,医疗器械
688075,801153,医疗器械
688085,801153,医疗器械
688108,801153,医疗器械
688139,801153,医疗器械
688161,801153,医疗器械
688198,801153,医疗器械
688212,801153,医疗器械
688217,801153,医疗器械
688277,801153,医疗器械
688289,801153,医疗器械
688298,801153,医疗器械
688301,801153,医疗器械
688314,801153,医疗器械
688317,801153,医疗器械
688338,801153,医疗器械
688358,801153,医疗器械
688366,801153,医疗器械
688389,801153,医疗器械
688393,801153,医疗器械
688399,801153,医疗器械
688468,801153,医疗器械
688575,801153,医疗器械
688580,801153,医疗器械
688606,801153,医疗器械
688607,801153,医疗器械
688613,801153,医疗器械
688617,801153,医疗器械
688626,801153,医疗器械
688656,801153,医疗器械
688677,801153,医疗器械
688767,801153,医疗器械
688236,801153,医疗器械
301122,801153,医疗器械
301235,801153,医疗器械
688193,801153,医疗器械
301097,801153,医疗器械
301234,801153,医疗器械
688253,801153,医疗器械
002432,801153,医疗器械
301087,801153,医疗器械
688026,801153,医疗器械
688151,801153,医疗器械
688273,801153,医疗器械
688271,801153,医疗器械
688351,801153,医疗器械
688114,801153,医疗器械
301363,801153,医疗器械
301367,801153,医疗器械
301290,801153,医疗器械
688410,801153,医疗器械
688581,801153,医疗器械
300341,801153,医疗器械
301370,801153,医疗器械
301515,801153,医疗器械
301580,801153,医疗器械
688426,801153,医疗器械
688576,801153,医疗器械
603205,801153,医疗器械
301188,801153,医疗器械
301602,801153,医疗器械
688755,801153,医疗器械
603014,801153,医疗器械
688805,801153,医疗器械
603718,801153,医疗器械
688712,801153,医疗器械
300430,801153,医疗器械
603392,801153,医疗器械
002022,801153,医疗器械
000516,801156,医疗服务
002044,801156,医疗服务
002173,801156,医疗服务
002219,801156,医疗服务
002524,801156,医疗服务
002821,801156,医疗服务
300015,801156,医疗服务
300143,801156,医疗服务
300149,801156,医疗服务
300244,801156,医疗服务
300347,801156,医疗服务
300363,801156,医疗服务
300404,801156,医疗服务
300725,801156,医疗服务
300759,801156,医疗服务
301060,801156,医疗服务
600568,801156,医疗服务
600721,801156,医疗服务
600763,801156,医疗服务
603127,801156,医疗服务
603259,801156,医疗服务
603882,801156,医疗服务
688202,801156,医疗服务
688222,801156,医疗服务
688315,801156,医疗服务
688621,801156,医疗服务
301096,801156,医疗服务
688265,801156,医疗服务
301201,801156,医疗服务
301103,801156,医疗服务
688238,801156,医疗服务
688046,801156,医疗服务
301257,801156,医疗服务
301239,801156,医疗服务
000710,801156,医疗服务
002172,801156,医疗服务
300676,801156,医疗服务
688131,801156,医疗服务
301333,801156,医疗服务
688073,801156,医疗服务
301230,801156,医疗服务
301267,801156,医疗服务
301293,801156,医疗服务
002622,801156,医疗服务
603456,801156,医疗服务
301509,801156,医疗服务
301520,801156,医疗服务
300683,801156,医疗服务
688710,801156,医疗服务
688796,801156,医疗服务
000504,801156,医疗服务
000155,801161,电力
000531,801161,电力
000539,801161,电力
000543,801161,电力
000591,801161,电力
000600,801161,电力
000601,801161,电力
000690,801161,电力
000692,801161,电力
000722,801161,电力
000767,801161,电力
000791,801161,电力
000862,801161,电力
000875,801161,电力
000883,801161,电力
000899,801161,电力
000966,801161,电力
000993,801161,电力
001210,801161,电力
001896,801161,电力
002015,801161,电力
002039,801161,电力
002256,801161,电力
002479,801161,电力
002608,801161,电力
002616,801161,电力
002617,801161,电力
002893,801161,电力
003035,801161,电力
003816,801161,电力
300125,801161,电力
300317,801161,电力
300335,801161,电力
600011,801161,电力
600021,801161,电力
600023,801161,电力
600025,801161,电力
600027,801161,电力
600032,801161,电力
600098,801161,电力
600101,801161,电力
600116,801161,电力
600149,801161,电力
600163,801161,电力
600167,801161,电力
600236,801161,电力
600310,801161,电力
600396,801161,电力
600452,801161,电力
600483,801161,电力
600505,801161,电力
600509,801161,电力
600578,801161,电力
600642,801161,电力
600644,801161,电力
600674,801161,电力
600719,801161,电力
600726,801161,电力
600744,801161,电力
600780,801161,电力
600795,801161,电力
600863,801161,电力
600886,801161,电力
600900,801161,电力
600905,801161,电力
600956,801161,电力
600969,801161,电力
600979,801161,电力
600982,801161,电力
600995,801161,电力
601016,801161,电力
601619,801161,电力
601778,801161,电力
601908,801161,电力
601985,801161,电力
601991,801161,电力
603105,801161,电力
603693,801161,电力
605011,801161,电力
605028,801161,电力
605162,801161,电力
605580,801161,电力
001289,801161,电力
001258,801161,电力
000037,801161,电力
600226,801161,电力
600821,801161,电力
000537,801161,电力
001286,801161,电力
000507,801161,电力
002480,801161,电力
600052,801161,电力
001376,801161,电力
002218,801161,电力
300040,801161,电力
600475,801161,电力
600868,801161,电力
002053,801161,电力
600930,801161,电力
000595,801161,电力
000631,801161,电力
000958,801161,电力
001248,801161,电力
002310,801161,电力
600157,801161,电力
600292,801161,电力
600575,801161,电力
603071,801161,电力
000027,801161,电力
000593,801163,燃气Ⅱ
000669,801163,燃气Ⅱ
002259,801163,燃气Ⅱ
002267,801163,燃气Ⅱ
002700,801163,燃气Ⅱ
002911,801163,燃气Ⅱ
300332,801163,燃气Ⅱ
300483,801163,燃气Ⅱ
600333,801163,燃气Ⅱ
600617,801163,燃气Ⅱ
600635,801163,燃气Ⅱ
600681,801163,燃气Ⅱ
600803,801163,燃气Ⅱ
600903,801163,燃气Ⅱ
600917,801163,燃气Ⅱ
601139,801163,燃气Ⅱ
603053,801163,燃气Ⅱ
603080,801163,燃气Ⅱ
603318,801163,燃气Ⅱ
603393,801163,燃气Ⅱ
603689,801163,燃气Ⅱ
603706,801163,燃气Ⅱ
605090,801163,燃气Ⅱ
605169,801163,燃气Ⅱ
605368,801163,燃气Ⅱ
001331,801163,燃气Ⅱ
001299,801163,燃气Ⅱ
000407,801163,燃气Ⅱ
000906,801178,物流
001202,801178,物流
002010,801178,物流
002120,801178,物流
002352,801178,物流
002468,801178,物流
002492,801178,物流
002682,801178,物流
002769,801178,物流
002889,801178,物流
002930,801178,物流
300013,801178,物流
300240,801178,物流
300350,801178,物流
300873,801178,物流
600057,801178,物流
600119,801178,物流
600153,801178,物流
600180,801178,物流
600233,801178,物流
600704,801178,物流
600753,801178,物流
600755,801178,物流
600787,801178,物流
600794,801178,物流
601156,801178,物流
601598,801178,物流
603117,801178,物流
603128,801178,物流
603329,801178,物流
603535,801178,物流
603569,801178,物流
603648,801178,物流
603713,801178,物流
603813,801178,物流
603836,801178,物流
603871,801178,物流
603967,801178,物流
605050,801178,物流
001228,801178,物流
603066,801178,物流
001391,801178,物流
002485,801178,物流
600603,801178,物流
001220,801178,物流
002800,801178,物流
000626,801178,物流
000548,801179,铁路公路
000557,801179,铁路公路
000755,801179,铁路公路
000828,801179,铁路公路
000900,801179,铁路公路
001213,801179,铁路公路
001317,801179,铁路公路
001965,801179,铁路公路
002357,801179,铁路公路
600012,801179,铁路公路
600020,801179,铁路公路
600033,801179,铁路公路
600035,801179,铁路公路
600106,801179,铁路公路
600125,801179,铁路公路
600269,801179,铁路公路
600350,801179,铁路公路
600368,801179,铁路公路
600377,801179,铁路公路
600548,801179,铁路公路
600561,801179,铁路公路
600611,801179,铁路公路
600650,801179,铁路公路
600834,801179,铁路公路
601006,801179,铁路公路
601107,801179,铁路公路
601188,801179,铁路公路
601333,801179,铁路公路
601518,801179,铁路公路
601816,801179,铁路公路
603069,801179,铁路公路
000886,801179,铁路公路
000429,801179,铁路公路
000099,801991,航空机场
002928,801991,航空机场
600004,801991,航空机场
600009,801991,航空机场
600029,801991,航空机场
600115,801991,航空机场
600221,801991,航空机场
600897,801991,航空机场
601021,801991,航空机场
601111,801991,航空机场
603885,801991,航空机场
000089,801991,航空机场
000520,801992,航运港口
000582,801992,航运港口
000905,801992,航运港口
001205,801992,航运港口
001872,801992,航运港口
002040,801992,航运港口
002320,801992,航运港口
600017,801992,航运港口
600018,801992,航运港口
600026,801992,航运港口
600179,801992,航运港口
600279,801992,航运港口
600428,801992,航运港口
600717,801992,航运港口
600798,801992,航运港口
601000,801992,航运港口
601008,801992,航运港口
601018,801992,航运港口
601228,801992,航运港口
601298,801992,航运港口
601326,801992,航运港口
601866,801992,航运港口
601872,801992,航运港口
601880,801992,航运港口
601919,801992,航运港口
601975,801992,航运港口
603167,801992,航运港口
603565,801992,航运港口
603209,801992,航运港口
601022,801992,航运港口
603162,801992,航运港口
601083,801992,航运港口
600751,801992,航运港口
000088,801992,航运港口
000006,801181,房地产开发
000011,801181,房地产开发
000014,801181,房地产开发
000029,801181,房地产开发
000031,801181,房地产开发
000036,801181,房地产开发
000042,801181,房地产开发
000069,801181,房地产开发
000090,801181,房地产开发
000402,801181,房地产开发
000514,801181,房地产开发
000517,801181,房地产开发
000573,801181,房地产开发
000608,801181,房地产开发
000609,801181,房地产开发
000620,801181,房地产开发
000656,801181,房地产开发
000718,801181,房地产开发
000736,801181,房地产开发
000797,801181,房地产开发
000838,801181,房地产开发
000863,801181,房地产开发
000897,801181,房地产开发
000909,801181,房地产开发
000926,801181,房地产开发
000965,801181,房地产开发
001979,801181,房地产开发
002016,801181,房地产开发
002133,801181,房地产开发
002146,801181,房地产开发
002208,801181,房地产开发
002244,801181,房地产开发
002305,801181,房地产开发
002314,801181,房地产开发
600007,801181,房地产开发
600048,801181,房地产开发
600064,801181,房地产开发
600082,801181,房地产开发
600094,801181,房地产开发
600159,801181,房地产开发
600162,801181,房地产开发
600173,801181,房地产开发
600208,801181,房地产开发
600246,801181,房地产开发
600266,801181,房地产开发
600322,801181,房地产开发
600325,801181,房地产开发
600340,801181,房地产开发
600376,801181,房地产开发
600383,801181,房地产开发
600463,801181,房地产开发
600503,801181,房地产开发
600510,801181,房地产开发
600533,801181,房地产开发
600604,801181,房地产开发
600606,801181,房地产开发
600622,801181,房地产开发
600638,801181,房地产开发
600639,801181,房地产开发
600648,801181,房地产开发
600649,801181,房地产开发
600657,801181,房地产开发
600658,801181,房地产开发
600663,801181,房地产开发
600665,801181,房地产开发
600675,801181,房地产开发
600683,801181,房地产开发
600692,801181,房地产开发
600708,801181,房地产开发
600716,801181,房地产开发
600736,801181,房地产开发
600748,801181,房地产开发
600773,801181,房地产开发
600791,801181,房地产开发
600848,801181,房地产开发
600895,801181,房地产开发
601155,801181,房地产开发
601512,801181,房地产开发
601588,801181,房地产开发
600239,801181,房地产开发
600515,801181,房地产开发
000668,801181,房地产开发
000002,801181,房地产开发
000560,801183,房地产服务
001914,801183,房地产服务
002285,801183,房地产服务
002968,801183,房地产服务
300917,801183,房地产服务
603506,801183,房地产服务
002188,801183,房地产服务
600684,801183,房地产服务
600724,801183,房地产服务
600136,801183,房地产服务
600743,801183,房地产服务
000056,801183,房地产服务
002091,801202,贸易Ⅱ
600058,801202,贸易Ⅱ
600128,801202,贸易Ⅱ
600278,801202,贸易Ⅱ
600287,801202,贸易Ⅱ
600710,801202,贸易Ⅱ
600981,801202,贸易Ⅱ
601061,801202,贸易Ⅱ
002072,801202,贸易Ⅱ
002183,801202,贸易Ⅱ
000701,801202,贸易Ⅱ
000151,801202,贸易Ⅱ
000058,801203,一般零售
000061,801203,一般零售
000419,801203,一般零售
000501,801203,一般零售
000564,801203,一般零售
000715,801203,一般零售
000759,801203,一般零售
000785,801203,一般零售
002187,801203,一般零售
002251,801203,一般零售
002277,801203,一般零售
002344,801203,一般零售
002356,801203,一般零售
002419,801203,一般零售
002561,801203,一般零售
002697,801203,一般零售
002818,801203,一般零售
300947,801203,一般零售
600113,801203,一般零售
600280,801203,一般零售
600415,801203,一般零售
600605,801203,一般零售
600628,801203,一般零售
600655,801203,一般零售
600693,801203,一般零售
600694,801203,一般零售
600697,801203,一般零售
600712,801203,一般零售
600729,801203,一般零售
600778,801203,一般零售
600785,801203,一般零售
600790,801203,一般零售
600814,801203,一般零售
600824,801203,一般零售
600827,801203,一般零售
600828,801203,一般零售
600838,801203,一般零售
600857,801203,一般零售
600858,801203,一般零售
600859,801203,一般零售
600865,801203,一般零售
601010,801203,一般零售
601086,801203,一般零售
601116,801203,一般零售
601366,801203,一般零售
601828,801203,一般零售
601933,801203,一般零售
603123,801203,一般零售
603682,801203,一般零售
603708,801203,一般零售
605188,801203,一般零售
000679,801203,一般零售
000417,801203,一般零售
600327,801203,一般零售
603101,801203,一般零售
300972,801203,一般零售
000882,801203,一般零售
002177,801203,一般零售
600738,801203,一般零售
000007,801203,一般零售
002416,801204,专业连锁Ⅱ
300022,801204,专业连锁Ⅱ
300622,801204,专业连锁Ⅱ
300755,801204,专业连锁Ⅱ
301078,801204,专业连锁Ⅱ
603214,801204,专业连锁Ⅱ
000829,801204,专业连锁Ⅱ
002127,801206,互联网电商
002315,801206,互联网电商
002640,801206,互联网电商
002803,801206,互联网电商
003010,801206,互联网电商
300464,801206,互联网电商
300792,801206,互联网电商
301001,801206,互联网电商
603613,801206,互联网电商
605136,801206,互联网电商
301110,801206,互联网电商
300518,801206,互联网电商
300592,801206,互联网电商
600365,801206,互联网电商
600539,801206,互联网电商
301381,801206,互联网电商
301558,801206,互联网电商
002024,801206,互联网电商
600185,801207,旅游零售Ⅱ
601888,801207,旅游零售Ⅱ
600158,801216,体育Ⅱ
002858,801216,体育Ⅱ
003008,801218,专业服务
300012,801218,专业服务
300215,801218,专业服务
300662,801218,专业服务
300795,801218,专业服务
300860,801218,专业服务
300887,801218,专业服务
300938,801218,专业服务
300962,801218,专业服务
301169,801218,专业服务
600826,801218,专业服务
603060,801218,专业服务
603183,801218,专业服务
301228,801218,专业服务
301289,801218,专业服务
300416,801218,专业服务
300797,801218,专业服务
600662,801218,专业服务
301115,801218,专业服务
688334,801218,专业服务
002057,801218,专业服务
301508,801218,专业服务
603373,801218,专业服务
600861,801218,专业服务
688757,801218,专业服务
301632,801218,专业服务
002243,801218,专业服务
301449,801218,专业服务
002967,801218,专业服务
000721,801219,酒店餐饮
002186,801219,酒店餐饮
301073,801219,酒店餐饮
600258,801219,酒店餐饮
600754,801219,酒店餐饮
601007,801219,酒店餐饮
605108,801219,酒店餐饮
002306,801219,酒店餐饮
000428,801219,酒店餐饮
000524,801993,旅游及景区
000796,801993,旅游及景区
000888,801993,旅游及景区
000978,801993,旅游及景区
002033,801993,旅游及景区
002059,801993,旅游及景区
002159,801993,旅游及景区
002707,801993,旅游及景区
300144,801993,旅游及景区
300859,801993,旅游及景区
600054,801993,旅游及景区
600138,801993,旅游及景区
600593,801993,旅游及景区
600706,801993,旅游及景区
600749,801993,旅游及景区
603099,801993,旅游及景区
603199,801993,旅游及景区
603136,801993,旅游及景区
600576,801993,旅游及景区
000610,801993,旅游及景区
000558,801993,旅游及景区
002627,801993,旅游及景区
603402,801993,旅游及景区
600250,801993,旅游及景区
000430,801993,旅游及景区
002607,801994,教育
002659,801994,教育
003032,801994,教育
300192,801994,教育
300338,801994,教育
300359,801994,教育
300688,801994,教育
600661,801994,教育
600730,801994,教育
603377,801994,教育
605098,801994,教育
300010,801994,教育
600880,801994,教育
002093,801994,教育
300050,801994,教育
300492,801994,教育
000526,801994,教育
601328,801782,国有大型银行Ⅱ
601398,801782,国有大型银行Ⅱ
601658,801782,国有大型银行Ⅱ
601939,801782,国有大型银行Ⅱ
601988,801782,国有大型银行Ⅱ
601288,801782,国有大型银行Ⅱ
600000,801783,股份制银行Ⅱ
600015,801783,股份制银行Ⅱ
600016,801783,股份制银行Ⅱ
600036,801783,股份制银行Ⅱ
601166,801783,股份制银行Ⅱ
601818,801783,股份制银行Ⅱ
601916,801783,股份制银行Ⅱ
601998,801783,股份制银行Ⅱ
000001,801783,股份制银行Ⅱ
002936,801784,城商行Ⅱ
002948,801784,城商行Ⅱ
002966,801784,城商行Ⅱ
600919,801784,城商行Ⅱ
600926,801784,城商行Ⅱ
600928,801784,城商行Ⅱ
601009,801784,城商行Ⅱ
601169,801784,城商行Ⅱ
601187,801784,城商行Ⅱ
601229,801784,城商行Ⅱ
601577,801784,城商行Ⅱ
601665,801784,城商行Ⅱ
601838,801784,城商行Ⅱ
601963,801784,城商行Ⅱ
601997,801784,城商行Ⅱ
001227,801784,城商行Ⅱ
002142,801784,城商行Ⅱ
002839,801785,农商行Ⅱ
002958,801785,农商行Ⅱ
600908,801785,农商行Ⅱ
601077,801785,农商行Ⅱ
601128,801785,农商行Ⅱ
601528,801785,农商行Ⅱ
601825,801785,农商行Ⅱ
601860,801785,农商行Ⅱ
603323,801785,农商行Ⅱ
002807,801785,农商行Ⅱ
000686,801193,证券Ⅱ
000712,801193,证券Ⅱ
000728,801193,证券Ⅱ
000750,801193,证券Ⅱ
000776,801193,证券Ⅱ
000783,801193,证券Ⅱ
002500,801193,证券Ⅱ
002670,801193,证券Ⅱ
002673,801193,证券Ⅱ
002736,801193,证券Ⅱ
002797,801193,证券Ⅱ
002926,801193,证券Ⅱ
002939,801193,证券Ⅱ
002945,801193,证券Ⅱ
300059,801193,证券Ⅱ
600030,801193,证券Ⅱ
600095,801193,证券Ⅱ
600109,801193,证券Ⅱ
600155,801193,证券Ⅱ
600369,801193,证券Ⅱ
600621,801193,证券Ⅱ
600864,801193,证券Ⅱ
600906,801193,证券Ⅱ
600909,801193,证券Ⅱ
600918,801193,证券Ⅱ
600958,801193,证券Ⅱ
600999,801193,证券Ⅱ
601066,801193,证券Ⅱ
601099,801193,证券Ⅱ
601108,801193,证券Ⅱ
601162,801193,证券Ⅱ
601198,801193,证券Ⅱ
601211,801193,证券Ⅱ
601236,801193,证券Ⅱ
601375,801193,证券Ⅱ
601377,801193,证券Ⅱ
601456,801193,证券Ⅱ
601555,801193,证券Ⅱ
601688,801193,证券Ⅱ
601696,801193,证券Ⅱ
601788,801193,证券Ⅱ
601878,801193,证券Ⅱ
601881,801193,证券Ⅱ
601901,801193,证券Ⅱ
601990,801193,证券Ⅱ
601995,801193,证券Ⅱ
601136,801193,证券Ⅱ
601059,801193,证券Ⅱ
600061,801193,证券Ⅱ
000166,801193,证券Ⅱ
601319,801194,保险Ⅱ
601336,801194,保险Ⅱ
601601,801194,保险Ⅱ
601628,801194,保险Ⅱ
601318,801194,保险Ⅱ
000532,801191,多元金融
000563,801191,多元金融
000567,801191,多元金融
000617,801191,多元金融
000987,801191,多元金融
002423,801191,多元金融
002647,801191,多元金融
002961,801191,多元金融
300773,801191,多元金融
600053,801191,多元金融
600120,801191,多元金融
600318,801191,多元金融
600390,801191,多元金融
600643,801191,多元金融
600816,801191,多元金融
600830,801191,多元金融
600901,801191,多元金融
603093,801191,多元金融
603300,801191,多元金融
600927,801191,多元金融
600517,801191,多元金融
001236,801191,多元金融
000935,801191,多元金融
000415,801191,多元金融
000652,801231,综合Ⅱ
000753,801231,综合Ⅱ
000833,801231,综合Ⅱ
600051,801231,综合Ⅱ
600620,801231,综合Ⅱ
600770,801231,综合Ⅱ
600805,801231,综合Ⅱ
600881,801231,综合Ⅱ
600689,801231,综合Ⅱ
000025,801231,综合Ⅱ
000421,801231,综合Ⅱ
600673,801231,综合Ⅱ
600682,801231,综合Ⅱ
000523,801231,综合Ⅱ
002316,801231,综合Ⅱ
002420,801231,综合Ⅱ
002575,801231,综合Ⅱ
600458,801231,综合Ⅱ
600807,801231,综合Ⅱ
000632,801231,综合Ⅱ
000672,801711,水泥
000789,801711,水泥
000877,801711,水泥
002233,801711,水泥
002302,801711,水泥
002596,801711,水泥
002671,801711,水泥
600326,801711,水泥
600425,801711,水泥
600449,801711,水泥
600585,801711,水泥
600678,801711,水泥
600801,801711,水泥
600802,801711,水泥
601992,801711,水泥
603616,801711,水泥
605122,801711,水泥
003037,801711,水泥
600668,801711,水泥
002205,801711,水泥
000401,801711,水泥
002080,801712,玻璃玻纤
002201,801712,玻璃玻纤
002613,801712,玻璃玻纤
300196,801712,玻璃玻纤
600176,801712,玻璃玻纤
600293,801712,玻璃玻纤
600586,801712,玻璃玻纤
600819,801712,玻璃玻纤
600876,801712,玻璃玻纤
601636,801712,玻璃玻纤
603256,801712,玻璃玻纤
603601,801712,玻璃玻纤
605006,801712,玻璃玻纤
301526,801712,玻璃玻纤
601112,801712,玻璃玻纤
000012,801712,玻璃玻纤
000619,801713,装修建材
000786,801713,装修建材
001212,801713,装修建材
002043,801713,装修建材
002066,801713,装修建材
002088,801713,装修建材
002225,801713,装修建材
002271,801713,装修建材
002333,801713,装修建材
002372,801713,装修建材
002392,801713,装修建材
002398,801713,装修建材
002457,801713,装修建材
002641,801713,装修建材
002652,801713,装修建材
002694,801713,装修建材
002718,801713,装修建材
002785,801713,装修建材
002791,801713,装修建材
300198,801713,装修建材
300234,801713,装修建材
300374,801713,装修建材
300599,801713,装修建材
300715,801713,装修建材
300737,801713,装修建材
301010,801713,装修建材
603038,801713,装修建材
603378,801713,装修建材
603737,801713,装修建材
603856,801713,装修建材
605318,801713,装修建材
688119,801713,装修建材
002247,801713,装修建材
301429,801713,装修建材
000055,801713,装修建材
002761,801721,房屋建设Ⅱ
600170,801721,房屋建设Ⅱ
600248,801721,房屋建设Ⅱ
600491,801721,房屋建设Ⅱ
600939,801721,房屋建设Ⅱ
601668,801721,房屋建设Ⅱ
601789,801721,房屋建设Ⅱ
000628,801721,房屋建设Ⅱ
002081,801722,装修装饰Ⅱ
002375,801722,装修装饰Ⅱ
002482,801722,装修装饰Ⅱ
002620,801722,装修装饰Ⅱ
002713,801722,装修装饰Ⅱ
002789,801722,装修装饰Ⅱ
002811,801722,装修装饰Ⅱ
002822,801722,装修装饰Ⅱ
002830,801722,装修装饰Ⅱ
002856,801722,装修装饰Ⅱ
002963,801722,装修装饰Ⅱ
002989,801722,装修装饰Ⅱ
300506,801722,装修装饰Ⅱ
300621,801722,装修装饰Ⅱ
601886,801722,装修装饰Ⅱ
603030,801722,装修装饰Ⅱ
603828,801722,装修装饰Ⅱ
605287,801722,装修装饰Ⅱ
002163,801722,装修装饰Ⅱ
603137,801722,装修装饰Ⅱ
600234,801722,装修装饰Ⅱ
002047,801722,装修装饰Ⅱ
000498,801723,基础建设
002061,801723,基础建设
002062,801723,基础建设
002200,801723,基础建设
002307,801723,基础建设
002431,801723,基础建设
002586,801723,基础建设
002628,801723,基础建设
002663,801723,基础建设
002717,801723,基础建设
002775,801723,基础建设
002941,801723,基础建设
300197,801723,基础建设
300355,801723,基础建设
300649,801723,基础建设
300948,801723,基础建设
300949,801723,基础建设
300982,801723,基础建设
301098,801723,基础建设
600039,801723,基础建设
600284,801723,基础建设
600512,801723,基础建设
600820,801723,基础建设
600853,801723,基础建设
601186,801723,基础建设
601390,801723,基础建设
601611,801723,基础建设
601669,801723,基础建设
601800,801723,基础建设
601868,801723,基础建设
603359,801723,基础建设
603815,801723,基础建设
603843,801723,基础建设
603955,801723,基础建设
605303,801723,基础建设
603176,801723,基础建设
600502,801723,基础建设
001396,801723,基础建设
002060,801723,基础建设
000010,801723,基础建设
000928,801724,专业工程
002051,801724,专业工程
002116,801724,专业工程
002135,801724,专业工程
002140,801724,专业工程
002469,801724,专业工程
002541,801724,专业工程
002542,801724,专业工程
002593,801724,专业工程
002743,801724,专业工程
003001,801724,专业工程
300384,801724,专业工程
300517,801724,专业工程
300712,801724,专业工程
301046,801724,专业工程
600477,801724,专业工程
600496,801724,专业工程
600970,801724,专业工程
601068,801724,专业工程
601117,801724,专业工程
601226,801724,专业工程
601618,801724,专业工程
603098,801724,专业工程
603637,801724,专业工程
603929,801724,专业工程
603959,801724,专业工程
605167,801724,专业工程
605289,801724,专业工程
605598,801724,专业工程
300986,801724,专业工程
000032,801724,专业工程
002323,801724,专业工程
605178,801724,专业工程
603163,801724,专业工程
601133,801724,专业工程
601096,801724,专业工程
000065,801724,专业工程
002883,801726,工程咨询服务Ⅱ
002949,801726,工程咨询服务Ⅱ
003013,801726,工程咨询服务Ⅱ
300284,801726,工程咨询服务Ⅱ
300500,801726,工程咨询服务Ⅱ
300564,801726,工程咨询服务Ⅱ
300635,801726,工程咨询服务Ⅱ
300668,801726,工程咨询服务Ⅱ
300675,801726,工程咨询服务Ⅱ
300732,801726,工程咨询服务Ⅱ
300746,801726,工程咨询服务Ⅱ
300778,801726,工程咨询服务Ⅱ
300826,801726,工程咨询服务Ⅱ
300844,801726,工程咨询服务Ⅱ
300977,801726,工程咨询服务Ⅱ
300983,801726,工程咨询服务Ⅱ
300989,801726,工程咨询服务Ⅱ
301024,801726,工程咨询服务Ⅱ
301027,801726,工程咨询服务Ⅱ
301038,801726,工程咨询服务Ⅱ
301058,801726,工程咨询服务Ⅱ
301091,801726,工程咨询服务Ⅱ
301167,801726,工程咨询服务Ⅱ
600629,801726,工程咨询服务Ⅱ
603017,801726,工程咨询服务Ⅱ
603018,801726,工程咨询服务Ⅱ
603357,801726,工程咨询服务Ⅱ
603458,801726,工程咨询服务Ⅱ
603860,801726,工程咨询服务Ⅱ
603909,801726,工程咨询服务Ⅱ
301136,801726,工程咨询服务Ⅱ
600667,801726,工程咨询服务Ⅱ
301365,801726,工程咨询服务Ⅱ
603153,801726,工程咨询服务Ⅱ
600846,801726,工程咨询服务Ⅱ
301505,801726,工程咨询服务Ⅱ
600720,801726,工程咨询服务Ⅱ
301390,801726,工程咨询服务Ⅱ
603257,801726,工程咨询服务Ⅱ
000779,801726,工程咨询服务Ⅱ
002196,801731,电机Ⅱ
002249,801731,电机Ⅱ
002576,801731,电机Ⅱ
002801,801731,电机Ⅱ
002823,801731,电机Ⅱ
002892,801731,电机Ⅱ
003021,801731,电机Ⅱ
300626,801731,电机Ⅱ
300660,801731,电机Ⅱ
300907,801731,电机Ⅱ
301023,801731,电机Ⅱ
600580,801731,电机Ⅱ
603320,801731,电机Ⅱ
603489,801731,电机Ⅱ
603728,801731,电机Ⅱ
603819,801731,电机Ⅱ
603988,801731,电机Ⅱ
301226,801731,电机Ⅱ
301502,801731,电机Ⅱ
603344,801731,电机Ⅱ
603350,801731,电机Ⅱ
002176,801731,电机Ⅱ
600416,801731,电机Ⅱ
603370,801731,电机Ⅱ
301696,801731,电机Ⅱ
000922,801731,电机Ⅱ
002335,801733,其他电源设备Ⅱ
002364,801733,其他电源设备Ⅱ
002366,801733,其他电源设备Ⅱ
002518,801733,其他电源设备Ⅱ
002534,801733,其他电源设备Ⅱ
002630,801733,其他电源设备Ⅱ
002851,801733,其他电源设备Ⅱ
300153,801733,其他电源设备Ⅱ
300376,801733,其他电源设备Ⅱ
300491,801733,其他电源设备Ⅱ
300593,801733,其他电源设备Ⅱ
300693,801733,其他电源设备Ⅱ
300713,801733,其他电源设备Ⅱ
300820,801733,其他电源设备Ⅱ
300870,801733,其他电源设备Ⅱ
600405,801733,其他电源设备Ⅱ
600875,801733,其他电源设备Ⅱ
601727,801733,其他电源设备Ⅱ
688551,801733,其他电源设备Ⅱ
002227,801733,其他电源设备Ⅱ
600482,801733,其他电源设备Ⅱ
301157,801733,其他电源设备Ⅱ
600212,801733,其他电源设备Ⅱ
688719,801733,其他电源设备Ⅱ
301516,801733,其他电源设备Ⅱ
688411,801733,其他电源设备Ⅱ
301590,801733,其他电源设备Ⅱ
002951,801733,其他电源设备Ⅱ
301669,801733,其他电源设备Ⅱ
002052,801733,其他电源设备Ⅱ
600590,801733,其他电源设备Ⅱ
002255,801733,其他电源设备Ⅱ
002459,801735,光伏设备
002506,801735,光伏设备
002623,801735,光伏设备
003022,801735,光伏设备
300118,801735,光伏设备
300274,801735,光伏设备
300316,801735,光伏设备
300393,801735,光伏设备
300724,801735,光伏设备
300751,801735,光伏设备
300763,801735,光伏设备
300776,801735,光伏设备
300827,801735,光伏设备
300842,801735,光伏设备
600207,801735,光伏设备
600438,801735,光伏设备
600537,801735,光伏设备
600732,801735,光伏设备
601865,801735,光伏设备
603212,801735,光伏设备
603396,801735,光伏设备
603628,801735,光伏设备
603806,801735,光伏设备
688303,801735,光伏设备
688390,801735,光伏设备
688408,801735,光伏设备
688516,801735,光伏设备
688556,801735,光伏设备
688560,801735,光伏设备
688599,801735,光伏设备
688680,801735,光伏设备
688032,801735,光伏设备
688223,801735,光伏设备
301266,801735,光伏设备
688348,801735,光伏设备
000821,801735,光伏设备
002865,801735,光伏设备
601012,801735,光伏设备
001269,801735,光伏设备
688147,801735,光伏设备
688472,801735,光伏设备
688429,801735,光伏设备
002056,801735,光伏设备
300080,801735,光伏设备
600481,801735,光伏设备
603185,801735,光伏设备
603398,801735,光伏设备
605117,801735,光伏设备
688503,801735,光伏设备
688717,801735,光伏设备
300051,801735,光伏设备
603381,801735,光伏设备
000159,801735,光伏设备
300093,801735,光伏设备
300345,801735,光伏设备
301168,801735,光伏设备
301278,801735,光伏设备
688726,801735,光伏设备
301658,801735,光伏设备
301636,801735,光伏设备
300716,801735,光伏设备
002079,801735,光伏设备
002150,801735,光伏设备
301030,801735,光伏设备
603778,801735,光伏设备
002129,801735,光伏设备
002487,801736,风电设备
002531,801736,风电设备
300129,801736,风电设备
300185,801736,风电设备
300443,801736,风电设备
300569,801736,风电设备
300690,801736,风电设备
300772,801736,风电设备
300850,801736,风电设备
301040,801736,风电设备
301155,801736,风电设备
601218,801736,风电设备
601615,801736,风电设备
603063,801736,风电设备
603218,801736,风电设备
603507,801736,风电设备
688660,801736,风电设备
688349,801736,风电设备
301163,801736,风电设备
603985,801736,风电设备
301232,801736,风电设备
301456,801736,风电设备
300904,801736,风电设备
600072,801736,风电设备
301557,801736,风电设备
688186,801736,风电设备
603092,801736,风电设备
603248,801736,风电设备
000809,801736,风电设备
002202,801736,风电设备
000049,801737,电池
002074,801737,电池
002245,801737,电池
002340,801737,电池
002580,801737,电池
002709,801737,电池
002733,801737,电池
002759,801737,电池
002812,801737,电池
002850,801737,电池
300014,801737,电池
300035,801737,电池
300037,801737,电池
300068,801737,电池
300073,801737,电池
300207,801737,电池
300340,801737,电池
300409,801737,电池
300438,801737,电池
300450,801737,电池
300457,801737,电池
300568,801737,电池
300619,801737,电池
300648,801737,电池
300750,801737,电池
300769,801737,电池
300890,801737,电池
300919,801737,电池
600152,801737,电池
600478,801737,电池
600847,801737,电池
600884,801737,电池
601311,801737,电池
603026,801737,电池
603659,801737,电池
605378,801737,电池
688005,801737,电池
688006,801737,电池
688063,801737,电池
688116,801737,电池
688148,801737,电池
688155,801737,电池
688339,801737,电池
688345,801737,电池
688499,801737,电池
688567,801737,电池
688707,801737,电池
688733,801737,电池
688772,801737,电池
688778,801737,电池
688779,801737,电池
688819,801737,电池
301222,801737,电池
301238,801737,电池
688353,801737,电池
002125,801737,电池
002805,801737,电池
300173,801737,电池
300410,801737,电池
300953,801737,电池
301150,801737,电池
600110,801737,电池
600241,801737,电池
688388,801737,电池
301121,801737,电池
301152,801737,电池
001283,801737,电池
301349,801737,电池
301327,801737,电池
688392,801737,电池
688275,801737,电池
001301,801737,电池
301358,801737,电池
301325,801737,电池
301210,801737,电池
300432,801737,电池
300477,801737,电池
300490,801737,电池
301217,801737,电池
603031,801737,电池
688184,801737,电池
301292,801737,电池
688638,801737,电池
301487,801737,电池
301511,801737,电池
688573,801737,电池
300390,801737,电池
603906,801737,电池
603032,801737,电池
301587,801737,电池
000695,801737,电池
301662,801737,电池
301513,801737,电池
301599,801737,电池
002058,801737,电池
300530,801737,电池
000009,801737,电池
000533,801738,电网设备
000682,801738,电网设备
001208,801738,电网设备
002028,801738,电网设备
002090,801738,电网设备
002112,801738,电网设备
002121,801738,电网设备
002169,801738,电网设备
002270,801738,电网设备
002276,801738,电网设备
002300,801738,电网设备
002339,801738,电网设备
002350,801738,电网设备
002358,801738,电网设备
002441,801738,电网设备
002451,801738,电网设备
002452,801738,电网设备
002471,801738,电网设备
002498,801738,电网设备
002533,801738,电网设备
002546,801738,电网设备
002560,801738,电网设备
002606,801738,电网设备
002692,801738,电网设备
002706,801738,电网设备
002857,801738,电网设备
002879,801738,电网设备
002882,801738,电网设备
002927,801738,电网设备
002953,801738,电网设备
002980,801738,电网设备
300001,801738,电网设备
300018,801738,电网设备
300062,801738,电网设备
300069,801738,电网设备
300141,801738,电网设备
300222,801738,电网设备
300265,801738,电网设备
300283,801738,电网设备
300286,801738,电网设备
300360,801738,电网设备
300407,801738,电网设备
300423,801738,电网设备
300427,801738,电网设备
300444,801738,电网设备
300510,801738,电网设备
300514,801738,电网设备
300670,801738,电网设备
300880,801738,电网设备
300882,801738,电网设备
300932,801738,电网设备
300933,801738,电网设备
301002,801738,电网设备
301012,801738,电网设备
301082,801738,电网设备
301179,801738,电网设备
600089,801738,电网设备
600192,801738,电网设备
600268,801738,电网设备
600312,801738,电网设备
600379,801738,电网设备
600406,801738,电网设备
600468,801738,电网设备
600525,801738,电网设备
600550,801738,电网设备
600577,801738,电网设备
600869,801738,电网设备
600885,801738,电网设备
600973,801738,电网设备
601126,801738,电网设备
601179,801738,电网设备
601616,801738,电网设备
601700,801738,电网设备
601877,801738,电网设备
603016,801738,电网设备
603050,801738,电网设备
603333,801738,电网设备
603530,801738,电网设备
603556,801738,电网设备
603577,801738,电网设备
603606,801738,电网设备
603618,801738,电网设备
603829,801738,电网设备
603861,801738,电网设备
603897,801738,电网设备
605066,801738,电网设备
605196,801738,电网设备
605222,801738,电网设备
688191,801738,电网设备
688226,801738,电网设备
688248,801738,电网设备
688330,801738,电网设备
688517,801738,电网设备
688597,801738,电网设备
688611,801738,电网设备
688616,801738,电网设备
688676,801738,电网设备
688681,801738,电网设备
603070,801738,电网设备
301120,801738,电网设备
603191,801738,电网设备
603097,801738,电网设备
000720,801738,电网设备
002309,801738,电网设备
002346,801738,电网设备
300853,801738,电网设备
601567,801738,电网设备
688663,801738,电网设备
301388,801738,电网设备
301361,801738,电网设备
301439,801738,电网设备
301386,801738,电网设备
301295,801738,电网设备
301291,801738,电网设备
002168,801738,电网设备
603312,801738,电网设备
300617,801738,电网设备
600067,801738,电网设备
001382,801738,电网设备
001388,801738,电网设备
301609,801738,电网设备
301668,801738,电网设备
001393,801738,电网设备
601222,801738,电网设备
688450,801738,电网设备
000400,801738,电网设备
000410,801072,通用设备
000530,801072,通用设备
000777,801072,通用设备
000811,801072,通用设备
000837,801072,通用设备
001696,801072,通用设备
002026,801072,通用设备
002132,801072,通用设备
002158,801072,通用设备
002164,801072,通用设备
002248,801072,通用设备
002282,801072,通用设备
002342,801072,通用设备
002347,801072,通用设备
002438,801072,通用设备
002444,801072,通用设备
002514,801072,通用设备
002520,801072,通用设备
002559,801072,通用设备
002598,801072,通用设备
002633,801072,通用设备
002639,801072,通用设备
002686,801072,通用设备
002760,801072,通用设备
002767,801072,通用设备
002795,801072,通用设备
002819,801072,通用设备
002843,801072,通用设备
002849,801072,通用设备
002871,801072,通用设备
002877,801072,通用设备
002884,801072,通用设备
002896,801072,通用设备
002903,801072,通用设备
002931,801072,通用设备
002943,801072,通用设备
003025,801072,通用设备
300007,801072,通用设备
300066,801072,通用设备
300091,801072,通用设备
300112,801072,通用设备
300126,801072,通用设备
300145,801072,通用设备
300154,801072,通用设备
300161,801072,通用设备
300165,801072,通用设备
300179,801072,通用设备
300193,801072,通用设备
300228,801072,通用设备
300257,801072,通用设备
300259,801072,通用设备
300260,801072,通用设备
300263,801072,通用设备
300306,801072,通用设备
300349,801072,通用设备
300354,801072,通用设备
300370,801072,通用设备
300371,801072,通用设备
300402,801072,通用设备
300417,801072,通用设备
300420,801072,通用设备
300421,801072,通用设备
300441,801072,通用设备
300445,801072,通用设备
300470,801072,通用设备
300488,801072,通用设备
300503,801072,通用设备
300515,801072,通用设备
300553,801072,通用设备
300554,801072,通用设备
300557,801072,通用设备
300567,801072,通用设备
300606,801072,通用设备
300667,801072,通用设备
300700,801072,通用设备
300720,801072,通用设备
300780,801072,通用设备
300809,801072,通用设备
300817,801072,通用设备
300818,801072,通用设备
300828,801072,通用设备
300838,801072,通用设备
300861,801072,通用设备
300862,801072,通用设备
300885,801072,通用设备
300897,801072,通用设备
300906,801072,通用设备
300943,801072,通用设备
300946,801072,通用设备
300984,801072,通用设备
300985,801072,通用设备
300990,801072,通用设备
300992,801072,通用设备
301006,801072,通用设备
301018,801072,通用设备
301028,801072,通用设备
301032,801072,通用设备
301129,801072,通用设备
600114,801072,通用设备
600172,801072,通用设备
600243,801072,通用设备
600558,801072,通用设备
600592,801072,通用设备
600860,801072,通用设备
600992,801072,通用设备
601002,801072,通用设备
601177,801072,通用设备
601882,801072,通用设备
603028,801072,通用设备
603088,801072,通用设备
603090,801072,通用设备
603100,801072,通用设备
603131,801072,通用设备
603187,801072,通用设备
603269,801072,通用设备
603277,801072,通用设备
603278,801072,通用设备
603308,801072,通用设备
603331,801072,通用设备
603339,801072,通用设备
603617,801072,通用设备
603662,801072,通用设备
603667,801072,通用设备
603699,801072,通用设备
603700,801072,通用设备
603757,801072,通用设备
603912,801072,通用设备
603915,801072,通用设备
603969,801072,通用设备
605056,801072,通用设备
605060,801072,通用设备
605100,801072,通用设备
688001,801072,通用设备
688028,801072,通用设备
688056,801072,通用设备
688059,801072,通用设备
688112,801072,通用设备
688257,801072,通用设备
688305,801072,通用设备
688308,801072,通用设备
688355,801072,通用设备
688360,801072,通用设备
688379,801072,通用设备
688528,801072,通用设备
688557,801072,通用设备
688558,801072,通用设备
688577,801072,通用设备
688622,801072,通用设备
688628,801072,通用设备
688665,801072,通用设备
688697,801072,通用设备
688768,801072,通用设备
688115,801072,通用设备
301137,801072,通用设备
301268,801072,通用设备
688337,801072,通用设备
301151,801072,通用设备
301107,801072,通用设备
301125,801072,通用设备
002046,801072,通用设备
002122,801072,通用设备
002175,801072,通用设备
002445,801072,通用设备
600202,801072,通用设备
600343,801072,通用设备
600783,801072,通用设备
688333,801072,通用设备
301197,801072,通用设备
301309,801072,通用设备
688448,801072,通用设备
301273,801072,通用设备
301377,801072,通用设备
301311,801072,通用设备
301368,801072,通用设备
301255,801072,通用设备
301317,801072,通用设备
301303,801072,通用设备
688433,801072,通用设备
301360,801072,通用设备
301399,801072,通用设备
301353,801072,通用设备
301448,801072,通用设备
002131,801072,通用设备
002272,801072,通用设备
300157,801072,通用设备
301261,801072,通用设备
301272,801072,通用设备
688627,801072,通用设备
688610,801072,通用设备
301468,801072,通用设备
301528,801072,通用设备
301525,801072,通用设备
603270,801072,通用设备
301548,801072,通用设备
301559,801072,通用设备
001306,801072,通用设备
301413,801072,通用设备
001379,801072,通用设备
301596,801072,通用设备
301603,801072,通用设备
300466,801072,通用设备
300718,801072,通用设备
301043,801072,通用设备
301070,801072,通用设备
688583,801072,通用设备
301616,801072,通用设备
603279,801072,通用设备
603400,801072,通用设备
688600,801072,通用设备
688808,801072,通用设备
001237,801072,通用设备
000880,801072,通用设备
300572,801072,通用设备
301160,801072,通用设备
301307,801072,通用设备
600889,801072,通用设备
301677,801072,通用设备
000039,801072,通用设备
000856,801074,专用设备
001288,801074,专用设备
002006,801074,专用设备
002009,801074,专用设备
002021,801074,专用设备
002031,801074,专用设备
002073,801074,专用设备
002204,801074,专用设备
002209,801074,专用设备
002278,801074,专用设备
002337,801074,专用设备
002353,801074,专用设备
002367,801074,专用设备
002483,801074,专用设备
002490,801074,专用设备
002523,801074,专用设备
002526,801074,专用设备
002529,801074,专用设备
002535,801074,专用设备
002595,801074,专用设备
002611,801074,专用设备
002667,801074,专用设备
002689,801074,专用设备
002690,801074,专用设备
002691,801074,专用设备
002730,801074,专用设备
002757,801074,专用设备
002774,801074,专用设备
002779,801074,专用设备
002786,801074,专用设备
002816,801074,专用设备
002833,801074,专用设备
002837,801074,专用设备
002890,801074,专用设备
002960,801074,专用设备
003036,801074,专用设备
300004,801074,专用设备
300084,801074,专用设备
300099,801074,专用设备
300103,801074,专用设备
300151,801074,专用设备
300195,801074,专用设备
300281,801074,专用设备
300293,801074,专用设备
300307,801074,专用设备
300382,801074,专用设备
300411,801074,专用设备
300412,801074,专用设备
300415,801074,专用设备
300471,801074,专用设备
300472,801074,专用设备
300480,801074,专用设备
300499,801074,专用设备
300509,801074,专用设备
300512,801074,专用设备
300521,801074,专用设备
300540,801074,专用设备
300549,801074,专用设备
300669,801074,专用设备
300813,801074,专用设备
300823,801074,专用设备
300833,801074,专用设备
300836,801074,专用设备
300837,801074,专用设备
300865,801074,专用设备
300902,801074,专用设备
300931,801074,专用设备
300950,801074,专用设备
300971,801074,专用设备
300988,801074,专用设备
301013,801074,专用设备
301053,801074,专用设备
301056,801074,专用设备
301083,801074,专用设备
301128,801074,专用设备
600169,801074,专用设备
600232,801074,专用设备
600262,801074,专用设备
600302,801074,专用设备
600320,801074,专用设备
600444,801074,专用设备
600499,801074,专用设备
600501,801074,专用设备
600520,801074,专用设备
600545,801074,专用设备
600560,801074,专用设备
600579,801074,专用设备
600582,801074,专用设备
600835,801074,专用设备
600843,801074,专用设备
600894,801074,专用设备
601038,801074,专用设备
601106,801074,专用设备
601399,801074,专用设备
601608,801074,专用设备
601717,801074,专用设备
601798,801074,专用设备
603011,801074,专用设备
603012,801074,专用设备
603036,801074,专用设备
603076,801074,专用设备
603095,801074,专用设备
603159,801074,专用设备
603169,801074,专用设备
603289,801074,专用设备
603321,801074,专用设备
603337,801074,专用设备
603356,801074,专用设备
603488,801074,专用设备
603656,801074,专用设备
603698,801074,专用设备
603789,801074,专用设备
603800,801074,专用设备
603855,801074,专用设备
603895,801074,专用设备
603901,801074,专用设备
603956,801074,专用设备
603966,801074,专用设备
605259,801074,专用设备
605286,801074,专用设备
688022,801074,专用设备
688071,801074,专用设备
688092,801074,专用设备
688113,801074,专用设备
688121,801074,专用设备
688128,801074,专用设备
688211,801074,专用设备
688312,801074,专用设备
688328,801074,专用设备
688377,801074,专用设备
688383,801074,专用设备
688529,801074,专用设备
688596,801074,专用设备
688630,801074,专用设备
688633,801074,专用设备
688700,801074,专用设备
688789,801074,专用设备
301158,801074,专用设备
301200,801074,专用设备
688400,801074,专用设备
300095,801074,专用设备
300159,801074,专用设备
300756,801074,专用设备
300879,801074,专用设备
301138,801074,专用设备
603029,801074,专用设备
688162,801074,专用设备
301338,801074,专用设备
603081,801074,专用设备
001332,801074,专用设备
001256,801074,专用设备
301105,801074,专用设备
301260,801074,专用设备
001225,801074,专用设备
688531,801074,专用设备
001360,801074,专用设备
603135,801074,专用设备
603173,801074,专用设备
301533,801074,专用设备
688648,801074,专用设备
603325,801074,专用设备
301392,801074,专用设备
002527,801074,专用设备
002530,801074,专用设备
002722,801074,专用设备
300092,801074,专用设备
301063,801074,专用设备
600980,801074,专用设备
601369,801074,专用设备
603391,801074,专用设备
688420,801074,专用设备
001277,801074,专用设备
301598,801074,专用设备
301601,801074,专用设备
001395,801074,专用设备
001400,801074,专用设备
688813,801074,专用设备
002564,801074,专用设备
300435,801074,专用设备
600397,801074,专用设备
000852,801074,专用设备
000925,801076,轨交设备Ⅱ
002972,801076,轨交设备Ⅱ
300011,801076,轨交设备Ⅱ
300351,801076,轨交设备Ⅱ
300594,801076,轨交设备Ⅱ
300851,801076,轨交设备Ⅱ
300923,801076,轨交设备Ⅱ
300960,801076,轨交设备Ⅱ
301016,801076,轨交设备Ⅱ
301048,801076,轨交设备Ⅱ
600495,801076,轨交设备Ⅱ
600528,801076,轨交设备Ⅱ
601766,801076,轨交设备Ⅱ
603111,801076,轨交设备Ⅱ
603500,801076,轨交设备Ⅱ
603680,801076,轨交设备Ⅱ
605001,801076,轨交设备Ⅱ
605298,801076,轨交设备Ⅱ
688009,801076,轨交设备Ⅱ
688015,801076,轨交设备Ⅱ
688033,801076,轨交设备Ⅱ
688187,801076,轨交设备Ⅱ
688285,801076,轨交设备Ⅱ
688367,801076,轨交设备Ⅱ
688569,801076,轨交设备Ⅱ
000927,801076,轨交设备Ⅱ
688459,801076,轨交设备Ⅱ
688485,801076,轨交设备Ⅱ
001324,801076,轨交设备Ⅱ
000008,801076,轨交设备Ⅱ
000425,801077,工程机械
000528,801077,工程机械
000680,801077,工程机械
002097,801077,工程机械
300201,801077,工程机械
301079,801077,工程机械
600031,801077,工程机械
600761,801077,工程机械
600815,801077,工程机械
600984,801077,工程机械
601100,801077,工程机械
603298,801077,工程机械
603338,801077,工程机械
603638,801077,工程机械
605305,801077,工程机械
605389,801077,工程机械
688425,801077,工程机械
301279,801077,工程机械
001226,801077,工程机械
301161,801077,工程机械
603280,801077,工程机械
301446,801077,工程机械
603273,801077,工程机械
001239,801077,工程机械
002685,801077,工程机械
603611,801077,工程机械
603194,801077,工程机械
000157,801077,工程机械
002008,801078,自动化设备
002184,801078,自动化设备
002334,801078,自动化设备
002698,801078,自动化设备
002747,801078,自动化设备
002957,801078,自动化设备
002975,801078,自动化设备
002979,801078,自动化设备
300024,801078,自动化设备
300048,801078,自动化设备
300083,801078,自动化设备
300097,801078,自动化设备
300124,801078,自动化设备
300227,801078,自动化设备
300276,801078,自动化设备
300278,801078,自动化设备
300400,801078,自动化设备
300461,801078,自动化设备
300484,801078,自动化设备
300486,801078,自动化设备
300607,801078,自动化设备
300747,801078,自动化设备
300757,801078,自动化设备
300802,801078,自动化设备
301021,801078,自动化设备
301029,801078,自动化设备
301199,801078,自动化设备
603015,801078,自动化设备
603025,801078,自动化设备
603203,801078,自动化设备
603283,801078,自动化设备
603416,801078,自动化设备
603583,801078,自动化设备
603666,801078,自动化设备
605186,801078,自动化设备
605288,801078,自动化设备
688003,801078,自动化设备
688017,801078,自动化设备
688025,801078,自动化设备
688090,801078,自动化设备
688097,801078,自动化设备
688160,801078,自动化设备
688165,801078,自动化设备
688215,801078,自动化设备
688218,801078,自动化设备
688255,801078,自动化设备
688310,801078,自动化设备
688329,801078,自动化设备
688395,801078,自动化设备
688518,801078,自动化设备
688559,801078,自动化设备
688686,801078,自动化设备
688698,801078,自动化设备
688777,801078,自动化设备
001266,801078,自动化设备
688306,801078,自动化设备
688125,801078,自动化设备
688320,801078,自动化设备
688170,801078,自动化设备
688290,801078,自动化设备
301112,801078,自动化设备
301312,801078,自动化设备
600215,801078,自动化设备
688455,801078,自动化设备
001223,801078,自动化设备
688570,801078,自动化设备
688623,801078,自动化设备
301320,801078,自动化设备
301512,801078,自动化设备
688646,801078,自动化设备
301510,801078,自动化设备
301418,801078,自动化设备
603275,801078,自动化设备
301568,801078,自动化设备
603082,801078,自动化设备
301633,801078,自动化设备
688816,801078,自动化设备
300220,801078,自动化设备
000988,801078,自动化设备
003009,801741,航天装备Ⅱ
300722,801741,航天装备Ⅱ
600118,801741,航天装备Ⅱ
600879,801741,航天装备Ⅱ
601698,801741,航天装备Ⅱ
688282,801741,航天装备Ⅱ
688523,801741,航天装备Ⅱ
688818,801741,航天装备Ⅱ
002829,801741,航天装备Ⅱ
000697,801742,航空装备Ⅱ
000738,801742,航空装备Ⅱ
000768,801742,航空装备Ⅱ
002023,801742,航空装备Ⅱ
002297,801742,航空装备Ⅱ
002389,801742,航空装备Ⅱ
002625,801742,航空装备Ⅱ
002933,801742,航空装备Ⅱ
002985,801742,航空装备Ⅱ
300034,801742,航空装备Ⅱ
300395,801742,航空装备Ⅱ
300424,801742,航空装备Ⅱ
300581,801742,航空装备Ⅱ
300696,801742,航空装备Ⅱ
300699,801742,航空装备Ⅱ
300719,801742,航空装备Ⅱ
300775,801742,航空装备Ⅱ
300777,801742,航空装备Ⅱ
300900,801742,航空装备Ⅱ
300965,801742,航空装备Ⅱ
600038,801742,航空装备Ⅱ
600316,801742,航空装备Ⅱ
600372,801742,航空装备Ⅱ
600391,801742,航空装备Ⅱ
600760,801742,航空装备Ⅱ
600765,801742,航空装备Ⅱ
600862,801742,航空装备Ⅱ
600893,801742,航空装备Ⅱ
605123,801742,航空装备Ⅱ
688070,801742,航空装备Ⅱ
688122,801742,航空装备Ⅱ
688239,801742,航空装备Ⅱ
688510,801742,航空装备Ⅱ
688586,801742,航空装备Ⅱ
688685,801742,航空装备Ⅱ
688281,801742,航空装备Ⅱ
603261,801742,航空装备Ⅱ
688297,801742,航空装备Ⅱ
688237,801742,航空装备Ⅱ
002651,801742,航空装备Ⅱ
002111,801742,航空装备Ⅱ
688563,801742,航空装备Ⅱ
301586,801742,航空装备Ⅱ
688708,801742,航空装备Ⅱ
000561,801742,航空装备Ⅱ
000576,801743,地面兵装Ⅱ
300527,801743,地面兵装Ⅱ
300875,801743,地面兵装Ⅱ
300922,801743,地面兵装Ⅱ
600184,801743,地面兵装Ⅱ
600435,801743,地面兵装Ⅱ
600967,801743,地面兵装Ⅱ
601606,801743,地面兵装Ⅱ
301357,801743,地面兵装Ⅱ
688543,801743,地面兵装Ⅱ
002519,801743,地面兵装Ⅱ
000519,801743,地面兵装Ⅱ
300065,801744,航海装备Ⅱ
300589,801744,航海装备Ⅱ
300600,801744,航海装备Ⅱ
300810,801744,航海装备Ⅱ
600150,801744,航海装备Ⅱ
600685,801744,航海装备Ⅱ
600764,801744,航海装备Ⅱ
601890,801744,航海装备Ⅱ
603268,801744,航海装备Ⅱ
300008,801744,航海装备Ⅱ
000733,801745,军工电子Ⅱ
002025,801745,军工电子Ⅱ
002151,801745,军工电子Ⅱ
002179,801745,军工电子Ⅱ
002189,801745,军工电子Ⅱ
002214,801745,军工电子Ⅱ
002338,801745,军工电子Ⅱ
002383,801745,军工电子Ⅱ
002413,801745,军工电子Ⅱ
002414,801745,军工电子Ⅱ
002446,801745,军工电子Ⅱ
002465,801745,军工电子Ⅱ
002935,801745,军工电子Ⅱ
002977,801745,军工电子Ⅱ
300045,801745,军工电子Ⅱ
300101,801745,军工电子Ⅱ
300123,801745,军工电子Ⅱ
300177,801745,军工电子Ⅱ
300252,801745,军工电子Ⅱ
300447,801745,军工电子Ⅱ
300474,801745,军工电子Ⅱ
300726,801745,军工电子Ⅱ
300762,801745,军工电子Ⅱ
301050,801745,军工电子Ⅱ
301213,801745,军工电子Ⅱ
302132,801745,军工电子Ⅱ
600562,801745,军工电子Ⅱ
600990,801745,军工电子Ⅱ
603267,801745,军工电子Ⅱ
603678,801745,军工电子Ⅱ
603712,801745,军工电子Ⅱ
688002,801745,军工电子Ⅱ
688011,801745,军工电子Ⅱ
688081,801745,军工电子Ⅱ
688272,801745,军工电子Ⅱ
688311,801745,军工电子Ⅱ
688511,801745,军工电子Ⅱ
688636,801745,军工电子Ⅱ
688682,801745,军工电子Ⅱ
688776,801745,军工电子Ⅱ
688788,801745,军工电子Ⅱ
688175,801745,军工电子Ⅱ
001270,801745,军工电子Ⅱ
301302,801745,军工电子Ⅱ
688053,801745,军工电子Ⅱ
688375,801745,军工电子Ⅱ
301306,801745,军工电子Ⅱ
300397,801745,军工电子Ⅱ
300629,801745,军工电子Ⅱ
688439,801745,军工电子Ⅱ
688132,801745,军工电子Ⅱ
688084,801745,军工电子Ⅱ
688522,801745,军工电子Ⅱ
688552,801745,军工电子Ⅱ
688629,801745,军工电子Ⅱ
301517,801745,军工电子Ⅱ
600855,801745,军工电子Ⅱ
301571,801745,军工电子Ⅱ
301592,801745,军工电子Ⅱ
301682,801745,军工电子Ⅱ
000547,801745,军工电子Ⅱ
000977,801101,计算机设备
000997,801101,计算机设备
002152,801101,计算机设备
002197,801101,计算机设备
002236,801101,计算机设备
002268,801101,计算机设备
002376,801101,计算机设备
002415,801101,计算机设备
002512,801101,计算机设备
002528,801101,计算机设备
002577,801101,计算机设备
002835,801101,计算机设备
002912,801101,计算机设备
002970,801101,计算机设备
002990,801101,计算机设备
003004,801101,计算机设备
300042,801101,计算机设备
300130,801101,计算机设备
300155,801101,计算机设备
300248,801101,计算机设备
300249,801101,计算机设备
300270,801101,计算机设备
300302,801101,计算机设备
300324,801101,计算机设备
300333,801101,计算机设备
300368,801101,计算机设备
300386,801101,计算机设备
300449,801101,计算机设备
300455,801101,计算机设备
300462,801101,计算机设备
300479,801101,计算机设备
300508,801101,计算机设备
300531,801101,计算机设备
300546,801101,计算机设备
300551,801101,计算机设备
300552,801101,计算机设备
300588,801101,计算机设备
300645,801101,计算机设备
300659,801101,计算机设备
300691,801101,计算机设备
300743,801101,计算机设备
300771,801101,计算机设备
300789,801101,计算机设备
300790,801101,计算机设备
300807,801101,计算机设备
300845,801101,计算机设备
300884,801101,计算机设备
300941,801101,计算机设备
301042,801101,计算机设备
600100,801101,计算机设备
603019,801101,计算机设备
603106,801101,计算机设备
603496,801101,计算机设备
603508,801101,计算机设备
603516,801101,计算机设备
603660,801101,计算机设备
605118,801101,计算机设备
688060,801101,计算机设备
688188,801101,计算机设备
688208,801101,计算机设备
688288,801101,计算机设备
688619,801101,计算机设备
301117,801101,计算机设备
300275,801101,计算机设备
001229,801101,计算机设备
301318,801101,计算机设备
001339,801101,计算机设备
301330,801101,计算机设备
301339,801101,计算机设备
301391,801101,计算机设备
688489,801101,计算机设备
688475,801101,计算机设备
002180,801101,计算机设备
301503,801101,计算机设备
301589,801101,计算机设备
688292,801101,计算机设备
002869,801101,计算机设备
300847,801101,计算机设备
301182,801101,计算机设备
301608,801101,计算机设备
301600,801101,计算机设备
000066,801101,计算机设备
000158,801103,IT服务Ⅱ
000555,801103,IT服务Ⅱ
000938,801103,IT服务Ⅱ
002065,801103,IT服务Ⅱ
002195,801103,IT服务Ⅱ
002232,801103,IT服务Ⅱ
002331,801103,IT服务Ⅱ
002368,801103,IT服务Ⅱ
002373,801103,IT服务Ⅱ
002380,801103,IT服务Ⅱ
002401,801103,IT服务Ⅱ
002421,801103,IT服务Ⅱ
002474,801103,IT服务Ⅱ
002609,801103,IT服务Ⅱ
002642,801103,IT服务Ⅱ
002649,801103,IT服务Ⅱ
002657,801103,IT服务Ⅱ
002771,801103,IT服务Ⅱ
002777,801103,IT服务Ⅱ
003005,801103,IT服务Ⅱ
300017,801103,IT服务Ⅱ
300020,801103,IT服务Ⅱ
300044,801103,IT服务Ⅱ
300078,801103,IT服务Ⅱ
300079,801103,IT服务Ⅱ
300096,801103,IT服务Ⅱ
300150,801103,IT服务Ⅱ
300166,801103,IT服务Ⅱ
300167,801103,IT服务Ⅱ
300168,801103,IT服务Ⅱ
300170,801103,IT服务Ⅱ
300212,801103,IT服务Ⅱ
300231,801103,IT服务Ⅱ
300245,801103,IT服务Ⅱ
300250,801103,IT服务Ⅱ
300264,801103,IT服务Ⅱ
300271,801103,IT服务Ⅱ
300277,801103,IT服务Ⅱ
300287,801103,IT服务Ⅱ
300288,801103,IT服务Ⅱ
300290,801103,IT服务Ⅱ
300300,801103,IT服务Ⅱ
300339,801103,IT服务Ⅱ
300399,801103,IT服务Ⅱ
300419,801103,IT服务Ⅱ
300440,801103,IT服务Ⅱ
300448,801103,IT服务Ⅱ
300496,801103,IT服务Ⅱ
300523,801103,IT服务Ⅱ
300532,801103,IT服务Ⅱ
300541,801103,IT服务Ⅱ
300609,801103,IT服务Ⅱ
300634,801103,IT服务Ⅱ
300674,801103,IT服务Ⅱ
300678,801103,IT服务Ⅱ
300682,801103,IT服务Ⅱ
300687,801103,IT服务Ⅱ
300846,801103,IT服务Ⅱ
300872,801103,IT服务Ⅱ
300895,801103,IT服务Ⅱ
301085,801103,IT服务Ⅱ
301178,801103,IT服务Ⅱ
301185,801103,IT服务Ⅱ
600131,801103,IT服务Ⅱ
600271,801103,IT服务Ⅱ
600410,801103,IT服务Ⅱ
600446,801103,IT服务Ⅱ
600476,801103,IT服务Ⅱ
600536,801103,IT服务Ⅱ
600571,801103,IT服务Ⅱ
600718,801103,IT服务Ⅱ
600728,801103,IT服务Ⅱ
600756,801103,IT服务Ⅱ
600797,801103,IT服务Ⅱ
600845,801103,IT服务Ⅱ
600850,801103,IT服务Ⅱ
603138,801103,IT服务Ⅱ
603171,801103,IT服务Ⅱ
603636,801103,IT服务Ⅱ
603869,801103,IT服务Ⅱ
603887,801103,IT服务Ⅱ
603918,801103,IT服务Ⅱ
605398,801103,IT服务Ⅱ
688004,801103,IT服务Ⅱ
688039,801103,IT服务Ⅱ
688051,801103,IT服务Ⅱ
688066,801103,IT服务Ⅱ
688088,801103,IT服务Ⅱ
688158,801103,IT服务Ⅱ
688228,801103,IT服务Ⅱ
688229,801103,IT服务Ⅱ
688258,801103,IT服务Ⅱ
688316,801103,IT服务Ⅱ
688365,801103,IT服务Ⅱ
688500,801103,IT服务Ⅱ
688509,801103,IT服务Ⅱ
688568,801103,IT服务Ⅱ
688787,801103,IT服务Ⅱ
688227,801103,IT服务Ⅱ
301218,801103,IT服务Ⅱ
301236,801103,IT服务Ⅱ
688207,801103,IT服务Ⅱ
301248,801103,IT服务Ⅱ
688327,801103,IT服务Ⅱ
688251,801103,IT服务Ⅱ
301208,801103,IT服务Ⅱ
000409,801103,IT服务Ⅱ
603859,801103,IT服务Ⅱ
301316,801103,IT服务Ⅱ
301396,801103,IT服务Ⅱ
688343,801103,IT服务Ⅱ
002908,801103,IT服务Ⅱ
688562,801103,IT服务Ⅱ
301172,801103,IT服务Ⅱ
600589,801103,IT服务Ⅱ
000815,801103,IT服务Ⅱ
301556,801103,IT服务Ⅱ
301638,801103,IT服务Ⅱ
002229,801103,IT服务Ⅱ
300536,801103,IT服务Ⅱ
600666,801103,IT服务Ⅱ
000034,801103,IT服务Ⅱ
000948,801104,软件开发
002063,801104,软件开发
002153,801104,软件开发
002178,801104,软件开发
002212,801104,软件开发
002230,801104,软件开发
002253,801104,软件开发
002279,801104,软件开发
002298,801104,软件开发
002322,801104,软件开发
002362,801104,软件开发
002405,801104,软件开发
002410,801104,软件开发
002439,801104,软件开发
002920,801104,软件开发
002987,801104,软件开发
003007,801104,软件开发
003029,801104,软件开发
300033,801104,软件开发
300036,801104,软件开发
300047,801104,软件开发
300074,801104,软件开发
300075,801104,软件开发
300085,801104,软件开发
300188,801104,软件开发
300209,801104,软件开发
300226,801104,软件开发
300229,801104,软件开发
300235,801104,软件开发
300253,801104,软件开发
300311,801104,软件开发
300348,801104,软件开发
300352,801104,软件开发
300365,801104,软件开发
300366,801104,软件开发
300369,801104,软件开发
300377,801104,软件开发
300378,801104,软件开发
300380,801104,软件开发
300451,801104,软件开发
300454,801104,软件开发
300465,801104,软件开发
300468,801104,软件开发
300469,801104,软件开发
300520,801104,软件开发
300525,801104,软件开发
300542,801104,软件开发
300550,801104,软件开发
300556,801104,软件开发
300559,801104,软件开发
300561,801104,软件开发
300579,801104,软件开发
300598,801104,软件开发
300605,801104,软件开发
300608,801104,软件开发
300624,801104,软件开发
300663,801104,软件开发
300730,801104,软件开发
300768,801104,软件开发
300803,801104,软件开发
300830,801104,软件开发
300925,801104,软件开发
300935,801104,软件开发
300996,801104,软件开发
600455,801104,软件开发
600570,801104,软件开发
600588,801104,软件开发
600602,801104,软件开发
600654,801104,软件开发
601360,801104,软件开发
601519,801104,软件开发
603039,801104,软件开发
603189,801104,软件开发
603232,801104,软件开发
603383,801104,软件开发
603528,801104,软件开发
603927,801104,软件开发
603990,801104,软件开发
688023,801104,软件开发
688030,801104,软件开发
688038,801104,软件开发
688058,801104,软件开发
688083,801104,软件开发
688095,801104,软件开发
688109,801104,软件开发
688111,801104,软件开发
688118,801104,软件开发
688168,801104,软件开发
688201,801104,软件开发
688232,801104,软件开发
688296,801104,软件开发
688318,801104,软件开发
688369,801104,软件开发
688561,801104,软件开发
688579,801104,软件开发
688588,801104,软件开发
688590,801104,软件开发
688246,801104,软件开发
300766,801104,软件开发
301159,801104,软件开发
002261,801104,软件开发
688171,801104,软件开发
688225,801104,软件开发
688326,801104,软件开发
301162,801104,软件开发
301153,801104,软件开发
301269,801104,软件开发
301195,801104,软件开发
301095,801104,软件开发
301270,801104,软件开发
688031,801104,软件开发
688244,801104,软件开发
688291,801104,软件开发
688152,801104,软件开发
688206,801104,软件开发
688435,801104,软件开发
301378,801104,软件开发
688507,801104,软件开发
688479,801104,软件开发
301337,801104,软件开发
301315,801104,软件开发
688631,801104,软件开发
688078,801104,软件开发
688651,801104,软件开发
688657,801104,软件开发
688695,801104,软件开发
688692,801104,软件开发
600288,801104,软件开发
688615,801104,软件开发
000503,801104,软件开发
002425,801764,游戏Ⅱ
002517,801764,游戏Ⅱ
002555,801764,游戏Ⅱ
002558,801764,游戏Ⅱ
002602,801764,游戏Ⅱ
002605,801764,游戏Ⅱ
002624,801764,游戏Ⅱ
300002,801764,游戏Ⅱ
300031,801764,游戏Ⅱ
300043,801764,游戏Ⅱ
300052,801764,游戏Ⅱ
300113,801764,游戏Ⅱ
300299,801764,游戏Ⅱ
300315,801764,游戏Ⅱ
300418,801764,游戏Ⅱ
300459,801764,游戏Ⅱ
300467,801764,游戏Ⅱ
300494,801764,游戏Ⅱ
300533,801764,游戏Ⅱ
600633,801764,游戏Ⅱ
600715,801764,游戏Ⅱ
600892,801764,游戏Ⅱ
603258,801764,游戏Ⅱ
603444,801764,游戏Ⅱ
002919,801764,游戏Ⅱ
002174,801764,游戏Ⅱ
000676,801765,广告营销
002027,801765,广告营销
002291,801765,广告营销
002400,801765,广告营销
002712,801765,广告营销
002995,801765,广告营销
300058,801765,广告营销
300061,801765,广告营销
300063,801765,广告营销
300071,801765,广告营销
300242,801765,广告营销
300612,801765,广告营销
300781,801765,广告营销
300805,801765,广告营销
600358,801765,广告营销
600556,801765,广告营销
600986,801765,广告营销
603598,801765,广告营销
603729,801765,广告营销
603825,801765,广告营销
605168,801765,广告营销
301102,801765,广告营销
002878,801765,广告营销
301171,801765,广告营销
002354,801765,广告营销
002264,801765,广告营销
603602,801765,广告营销
000607,801765,广告营销
000892,801766,影视院线
002292,801766,影视院线
002343,801766,影视院线
002739,801766,影视院线
002905,801766,影视院线
300027,801766,影视院线
300133,801766,影视院线
300182,801766,影视院线
300251,801766,影视院线
300291,801766,影视院线
300426,801766,影视院线
300528,801766,影视院线
600977,801766,影视院线
601595,801766,影视院线
603103,801766,影视院线
603721,801766,影视院线
600088,801766,影视院线
001330,801766,影视院线
000802,801766,影视院线
002095,801767,数字媒体
300295,801767,数字媒体
300413,801767,数字媒体
300785,801767,数字媒体
300987,801767,数字媒体
600228,801767,数字媒体
603000,801767,数字媒体
603533,801767,数字媒体
603888,801767,数字媒体
603466,801767,数字媒体
301313,801767,数字媒体
301299,801767,数字媒体
600640,801767,数字媒体
000681,801767,数字媒体
000793,801769,出版
002181,801769,出版
300364,801769,出版
300654,801769,出版
300788,801769,出版
301025,801769,出版
301052,801769,出版
600229,801769,出版
600373,801769,出版
600551,801769,出版
600757,801769,出版
600825,801769,出版
601019,801769,出版
601098,801769,出版
601801,801769,出版
601811,801769,出版
601858,801769,出版
601900,801769,出版
601921,801769,出版
601928,801769,出版
601949,801769,出版
601999,801769,出版
603096,801769,出版
603999,801769,出版
605577,801769,出版
301231,801769,出版
300148,801769,出版
603230,801769,出版
000719,801769,出版
000665,801995,电视广播Ⅱ
000917,801995,电视广播Ⅱ
002238,801995,电视广播Ⅱ
300770,801995,电视广播Ⅱ
600037,801995,电视广播Ⅱ
600637,801995,电视广播Ⅱ
600831,801995,电视广播Ⅱ
600936,801995,电视广播Ⅱ
600959,801995,电视广播Ⅱ
600996,801995,电视广播Ⅱ
601929,801995,电视广播Ⅱ
301262,801995,电视广播Ⅱ
301551,801995,电视广播Ⅱ
000156,801995,电视广播Ⅱ
002115,801223,通信服务
002123,801223,通信服务
002467,801223,通信服务
002544,801223,通信服务
002929,801223,通信服务
300025,801223,通信服务
300081,801223,通信服务
300211,801223,通信服务
300292,801223,通信服务
300310,801223,通信服务
300513,801223,通信服务
300560,801223,通信服务
300571,801223,通信服务
300578,801223,通信服务
300597,801223,通信服务
300921,801223,通信服务
300959,801223,通信服务
600050,801223,通信服务
600289,801223,通信服务
601728,801223,通信服务
603220,801223,通信服务
603322,801223,通信服务
603559,801223,通信服务
600941,801223,通信服务
603206,801223,通信服务
301139,801223,通信服务
000839,801223,通信服务
300603,801223,通信服务
002148,801223,通信服务
301380,801223,通信服务
301382,801223,通信服务
301428,801223,通信服务
300383,801223,通信服务
300442,801223,通信服务
300738,801223,通信服务
603881,801223,通信服务
000889,801223,通信服务
000070,801102,通信设备
000586,801102,通信设备
002017,801102,通信设备
002104,801102,通信设备
002194,801102,通信设备
002281,801102,通信设备
002296,801102,通信设备
002313,801102,通信设备
002396,801102,通信设备
002491,801102,通信设备
002583,801102,通信设备
002792,801102,通信设备
002897,801102,通信设备
002902,801102,通信设备
003031,801102,通信设备
003040,801102,通信设备
300134,801102,通信设备
300183,801102,通信设备
300205,801102,通信设备
300213,801102,通信设备
300308,801102,通信设备
300353,801102,通信设备
300394,801102,通信设备
300414,801102,通信设备
300502,801102,通信设备
300504,801102,通信设备
300548,801102,通信设备
300555,801102,通信设备
300563,801102,通信设备
300565,801102,通信设备
300570,801102,通信设备
300590,801102,通信设备
300615,801102,通信设备
300620,801102,通信设备
300627,801102,通信设备
300628,801102,通信设备
300638,801102,通信设备
300689,801102,通信设备
300698,801102,通信设备
300710,801102,通信设备
300711,801102,通信设备
300913,801102,通信设备
600105,801102,通信设备
600345,801102,通信设备
600487,801102,通信设备
600498,801102,通信设备
600522,801102,通信设备
600734,801102,通信设备
600775,801102,通信设备
600776,801102,通信设备
601869,801102,通信设备
603042,801102,通信设备
603083,801102,通信设备
603118,801102,通信设备
603236,801102,通信设备
603421,801102,通信设备
603803,801102,通信设备
688027,801102,通信设备
688080,801102,通信设备
688100,801102,通信设备
688159,801102,通信设备
688182,801102,通信设备
688313,801102,通信设备
688418,801102,通信设备
688618,801102,通信设备
688668,801102,通信设备
688283,801102,通信设备
301191,801102,通信设备
002796,801102,通信设备
600198,801102,通信设备
688205,801102,通信设备
301205,801102,通信设备
688387,801102,通信设备
301165,801102,通信设备
688143,801102,通信设备
301419,801102,通信设备
301314,801102,通信设备
301202,801102,通信设备
301577,801102,通信设备
688592,801102,通信设备
002881,801102,通信设备
300098,801102,通信设备
688635,801102,通信设备
001267,801102,通信设备
000063,801102,通信设备
000571,801951,煤炭开采
000937,801951,煤炭开采
000983,801951,煤炭开采
002128,801951,煤炭开采
600121,801951,煤炭开采
600123,801951,煤炭开采
600188,801951,煤炭开采
600348,801951,煤炭开采
600395,801951,煤炭开采
600403,801951,煤炭开采
600508,801951,煤炭开采
600546,801951,煤炭开采
600758,801951,煤炭开采
600971,801951,煤炭开采
600985,801951,煤炭开采
601001,801951,煤炭开采
601088,801951,煤炭开采
601101,801951,煤炭开采
601225,801951,煤炭开采
601666,801951,煤炭开采
601699,801951,煤炭开采
601898,801951,煤炭开采
601918,801951,煤炭开采
600925,801951,煤炭开采
600997,801951,煤炭开采
000552,801951,煤炭开采
600408,801952,焦炭Ⅱ
600725,801952,焦炭Ⅱ
600740,801952,焦炭Ⅱ
600792,801952,焦炭Ⅱ
601011,801952,焦炭Ⅱ
601015,801952,焦炭Ⅱ
000723,801952,焦炭Ⅱ
600759,801961,油气开采Ⅱ
600777,801961,油气开采Ⅱ
600938,801961,油气开采Ⅱ
000968,801961,油气开采Ⅱ
002554,801962,油服工程
002629,801962,油服工程
002828,801962,油服工程
300164,801962,油服工程
300191,801962,油服工程
600339,801962,油服工程
600583,801962,油服工程
600871,801962,油服工程
600968,801962,油服工程
601808,801962,油服工程
603619,801962,油服工程
603727,801962,油服工程
002207,801962,油服工程
000096,801963,炼化及贸易
000301,801963,炼化及贸易
000554,801963,炼化及贸易
000637,801963,炼化及贸易
000698,801963,炼化及贸易
000703,801963,炼化及贸易
000819,801963,炼化及贸易
000985,801963,炼化及贸易
002221,801963,炼化及贸易
002408,801963,炼化及贸易
002476,801963,炼化及贸易
002493,801963,炼化及贸易
002986,801963,炼化及贸易
300135,801963,炼化及贸易
300839,801963,炼化及贸易
600028,801963,炼化及贸易
600256,801963,炼化及贸易
600346,801963,炼化及贸易
600688,801963,炼化及贸易
600800,801963,炼化及贸易
601233,801963,炼化及贸易
601857,801963,炼化及贸易
603353,801963,炼化及贸易
603798,801963,炼化及贸易
001316,801963,炼化及贸易
600506,801963,炼化及贸易
603223,801963,炼化及贸易
002377,801963,炼化及贸易
300055,801963,炼化及贸易
000059,801963,炼化及贸易
000068,801971,环境治理
000544,801971,环境治理
000598,801971,环境治理
000605,801971,环境治理
000685,801971,环境治理
000826,801971,环境治理
002034,801971,环境治理
002266,801971,环境治理
002672,801971,环境治理
002887,801971,环境治理
002973,801971,环境治理
003027,801971,环境治理
003039,801971,环境治理
300056,801971,环境治理
300070,801971,环境治理
300152,801971,环境治理
300172,801971,环境治理
300190,801971,环境治理
300266,801971,环境治理
300334,801971,环境治理
300385,801971,环境治理
300388,801971,环境治理
300422,801971,环境治理
300437,801971,环境治理
300614,801971,环境治理
300664,801971,环境治理
300692,801971,环境治理
300774,801971,环境治理
300779,801971,环境治理
300815,801971,环境治理
300854,801971,环境治理
300864,801971,环境治理
300867,801971,环境治理
300899,801971,环境治理
300929,801971,环境治理
300958,801971,环境治理
300961,801971,环境治理
301049,801971,环境治理
301068,801971,环境治理
600008,801971,环境治理
600168,801971,环境治理
600187,801971,环境治理
600217,801971,环境治理
600283,801971,环境治理
600323,801971,环境治理
600461,801971,环境治理
600769,801971,环境治理
600874,801971,环境治理
601158,801971,环境治理
601199,801971,环境治理
601200,801971,环境治理
601330,801971,环境治理
601368,801971,环境治理
601827,801971,环境治理
603177,801971,环境治理
603200,801971,环境治理
603568,801971,环境治理
603588,801971,环境治理
603759,801971,环境治理
603797,801971,环境治理
603817,801971,环境治理
603903,801971,环境治理
605069,801971,环境治理
688057,801971,环境治理
688069,801971,环境治理
688096,801971,环境治理
688101,801971,环境治理
688335,801971,环境治理
688466,801971,环境治理
688565,801971,环境治理
688679,801971,环境治理
688701,801971,环境治理
301127,801971,环境治理
301109,801971,环境治理
301148,801971,环境治理
301259,801971,环境治理
301175,801971,环境治理
001230,801971,环境治理
000711,801971,环境治理
002210,801971,环境治理
300187,801971,环境治理
600796,801971,环境治理
603315,801971,环境治理
688178,801971,环境治理
688370,801971,环境治理
688480,801971,环境治理
301265,801971,环境治理
603291,801971,环境治理
301203,801971,环境治理
301305,801971,环境治理
002573,801971,环境治理
301519,801971,环境治理
301372,801971,环境治理
601033,801971,环境治理
000885,801971,环境治理
000546,801971,环境治理
002778,801971,环境治理
300140,801971,环境治理
300425,801971,环境治理
301500,801971,环境治理
603686,801971,环境治理
600133,801971,环境治理
000803,801971,环境治理
000035,801971,环境治理
000967,801972,环保设备Ⅱ
002645,801972,环保设备Ⅱ
002658,801972,环保设备Ⅱ
300137,801972,环保设备Ⅱ
300210,801972,环保设备Ⅱ
300631,801972,环保设备Ⅱ
300786,801972,环保设备Ⅱ
300800,801972,环保设备Ⅱ
301081,801972,环保设备Ⅱ
600526,801972,环保设备Ⅱ
603324,801972,环保设备Ⅱ
688309,801972,环保设备Ⅱ
688501,801972,环保设备Ⅱ
301288,801972,环保设备Ⅱ
001336,801972,环保设备Ⅱ
000890,801972,环保设备Ⅱ
300203,801972,环保设备Ⅱ
600388,801972,环保设备Ⅱ
600817,801972,环保设备Ⅱ
688376,801972,环保设备Ⅱ
603282,801972,环保设备Ⅱ
688671,801972,环保设备Ⅱ
000820,801972,环保设备Ⅱ
603126,801972,环保设备Ⅱ
300105,801972,环保设备Ⅱ
000551,801972,环保设备Ⅱ
002511,801981,个护用品
003006,801981,个护用品
300658,801981,个护用品
300888,801981,个护用品
301009,801981,个护用品
301108,801981,个护用品
600249,801981,个护用品
603059,801981,个护用品
605009,801981,个护用品
001328,801981,个护用品
603193,801981,个护用品
001206,801981,个护用品
300132,801982,化妆品
300740,801982,化妆品
300849,801982,化妆品
300856,801982,化妆品
300955,801982,化妆品
300957,801982,化妆品
600315,801982,化妆品
603605,801982,化妆品
603630,801982,化妆品
603983,801982,化妆品
301371,801982,化妆品
600223,801982,化妆品
002094,801982,化妆品
300896,801983,医疗美容
688363,801983,医疗美容
000615,801983,医疗美容
